site_name,site_type,population,macro_cell,small_cell,proximity_to_cell,provider,latitude,longitude,has_macro_cell,has_small_cell,has_proximity_cell,coverage_count,coverage_type
ADELAIDE RIVER,VILLAGE,317.0,YES,,,OPTUS/TELSTRA,-13.2378,131.104729999999,True,False,False,1,Macro Cell
AILERON STATION,HIGHWAY,,,,YES,OPTUS/TELSTRA,-22.5,133.245,False,False,True,1,Proximity to Cell
ALAMIRRA,COMMUNITY,5.0,,,YES,TELSTRA,-11.067,132.528,False,False,True,1,Proximity to Cell
ALI CURUNG,COMMUNITY,394.0,YES,,,TELSTRA,-21.0033299999999,134.406939999999,True,False,False,1,Macro Cell
ALPURRURULAM,COMMUNITY,350.0,YES,,,TELSTRA,-20.9841699999999,137.847489999999,True,False,False,1,Macro Cell
AMOONGUNA,COMMUNITY,229.0,,,YES,OPTUS/TELSTRA,-23.76632,133.93599,False,False,True,1,Proximity to Cell
AMPILATWATJA,COMMUNITY,439.0,YES,,,TELSTRA,-21.6566399999999,135.225089999999,True,False,False,1,Macro Cell
ANGATYEPE,COMMUNITY,13.0,,,YES,TELSTRA,-23.745,133.7275,False,False,True,1,Proximity to Cell
ANGURUGU,COMMUNITY,883.0,YES,,,TELSTRA,-13.9822399999999,136.460569999999,True,False,False,1,Macro Cell
ARLPARRA,COMMUNITY,59.0,YES,,,TELSTRA,-22.0877899999999,134.77476,True,False,False,1,Macro Cell
ARMORRAN,COMMUNITY,8.0,,,YES,TELSTRA,-11.75575,133.38142,False,False,True,1,Proximity to Cell
ARRILLHJERE,COMMUNITY,5.0,,,YES,TELSTRA,-23.77981,133.62608,False,False,True,1,Proximity to Cell
ATNARARA,COMMUNITY,53.0,,,YES,TELSTRA,-22.02622,134.78721,False,False,True,1,Proximity to Cell
ATITJERE,COMMUNITY,157.0,YES,,,TELSTRA,-22.9843,134.9341,True,False,False,1,Macro Cell
AURORA KAKADU,TOURISM,,,,YES,OPTUS,-12.676,132.48,False,False,True,1,Proximity to Cell
BARDALUMBA,COMMUNITY,11.0,,,YES,TELSTRA,-13.82445,136.4489,False,False,True,1,Proximity to Cell
BARUNGA,COMMUNITY,337.0,YES,,,TELSTRA,-14.5236299999999,132.86668,True,False,False,1,Macro Cell
BARROW CREEK,HIGHWAY,,YES,YES,,OPTUS/TELSTRA,-21.531,133.889,True,True,False,2,Macro Cell + Small Cell
BATCHELOR,VILLAGE,396.0,YES,,,OPTUS/TELSTRA,-13.0462899999999,131.028829999999,True,False,False,1,Macro Cell
BELYUEN,COMMUNITY,150.0,YES,,,TELSTRA,-12.5386,130.6999,True,False,False,1,Macro Cell
BESWICK,COMMUNITY,542.0,YES,,,TELSTRA,-14.5548,133.1142,True,False,False,1,Macro Cell
BINJARI,COMMUNITY,240.0,,,YES,OPTUS/TELSTRA,-14.5502,132.1815,False,False,True,1,Proximity to Cell
BLACKWATER,COMMUNITY,30.0,,,YES,TELSTRA,-23.26181,131.89688,False,False,True,1,Proximity to Cell
BODIA,COMMUNITY,29.0,,,YES,TELSTRA,-12.07688,134.89628,False,False,True,1,Proximity to Cell
BORROLOOLA,COMMUNITY,755.0,YES,,,TELSTRA,-16.0676,136.3069,True,False,False,1,Macro Cell
BRUMBY PLAINS,COMMUNITY,5.0,,YES,,TELSTRA,-17.053,129.01,False,True,False,1,Small Cell
BULLA,COMMUNITY,73.0,YES,,,TELSTRA,-15.765,130.039,True,False,False,1,Macro Cell
BULMAN,COMMUNITY,160.0,YES,,,TELSTRA,-13.6652899999999,134.333349999999,True,False,False,1,Macro Cell
BUNHANURA,COMMUNITY,7.0,,,YES,TELSTRA,-12.37449,135.72221,False,False,True,1,Proximity to Cell
COOINDA LODGE,TOURISM,,YES,,,TELSTRA,-12.905,132.522,True,False,False,1,Macro Cell
CURTAIN SPRINGS ROADHOUSE,HIGHWAY,,,YES,,OPTUS/TELSTRA,-25.314,131.756,False,True,False,1,Small Cell
DAGURAGU,COMMUNITY,195.0,,,YES,TELSTRA,-17.4005899999999,130.80491,False,False,True,1,Proximity to Cell
DALY WATERS,VILLAGE,,YES,YES,,OPTUS/TELSTRA,-16.2533299999999,133.36932,True,True,False,2,Macro Cell + Small Cell
DEVILS MARBLES HOTEL,TOURISM,,,YES,,OPTUS,-20.641,134.223,False,True,False,1,Small Cell
DHAMBALA,COMMUNITY,9.0,,,YES,TELSTRA,-12.0526,135.5609,False,False,True,1,Proximity to Cell
DHIPIRRINJURA,COMMUNITY,30.0,,,YES,TELSTRA,-12.24806,135.09757,False,False,True,1,Proximity to Cell
DHUDUPU,COMMUNITY,12.0,,,YES,TELSTRA,-12.0033,135.5692,False,False,True,1,Proximity to Cell
DJIRRBIYAK,COMMUNITY,30.0,,,YES,OPTUS/TELSTRA,-12.729,132.764,False,False,True,1,Proximity to Cell
DONS BORE,COMMUNITY,8.0,,,YES,TELSTRA,-22.26233,131.92027,False,False,True,1,Proximity to Cell
DUNMARRA ROADHOUSE,HIGHWAY,,,YES,,OPTUS/TELSTRA,-16.679,133.412,False,True,False,1,Small Cell
EIGHT MILE,COMMUNITY,6.0,,,YES,TELSTRA,-23.886,132.682,False,False,True,1,Proximity to Cell
ELITJIA,COMMUNITY,13.0,,,YES,OPTUS/TELSTRA,-23.77677,133.61583,False,False,True,1,Proximity to Cell
ELLIOTT,VILLAGE,244.0,YES,YES,,OPTUS/TELSTRA,-17.5527,133.5408,True,True,False,2,Macro Cell + Small Cell
ENGAWALA,COMMUNITY,146.0,,YES,,TELSTRA,-22.8025699999999,134.455469999999,False,True,False,1,Small Cell
ERLDUNDA,HIGHWAY,,YES,YES,,OPTUS/TELSTRA,-25.197,133.2,True,True,False,2,Macro Cell + Small Cell
FIVE MILE,COMMUNITY,5.0,,,YES,TELSTRA,-23.91848,132.84834,False,False,True,1,Proximity to Cell
FLORENCE FALLS,TOURISM,,,YES,,OPTUS,-13.109,130.793,False,True,False,1,Small Cell
GALAWARRA,COMMUNITY,16.0,,,YES,TELSTRA,-12.0444,135.59373,False,False,True,1,Proximity to Cell
GALAWDJAPIN,COMMUNITY,12.0,,,YES,TELSTRA,-12.28695,134.81751,False,False,True,1,Proximity to Cell
GALIWINKU,COMMUNITY,2027.0,YES,,,TELSTRA,-12.0235,135.5664,True,False,False,1,Macro Cell
GAPUWIYAK,COMMUNITY,645.0,YES,,,TELSTRA,-12.5032199999999,135.805869999999,True,False,False,1,Macro Cell
GARANYDJIRR,COMMUNITY,6.0,,,YES,TELSTRA,-12.28204,135.02095,False,False,True,1,Proximity to Cell
GEM TREE PARK,TOURISM,,,YES,,OPTUS,-22.968,134.243,False,True,False,1,Small Cell
GLEN HELEN HOMESTEAD,TOURISM,,,YES,,OPTUS,-23.685,132.672,False,True,False,1,Small Cell
GUNBALANYA,COMMUNITY,1008.0,YES,,,TELSTRA,-12.324,133.056,True,False,False,1,Macro Cell
GUNYANGARA,COMMUNITY,209.0,,,YES,OPTUS/TELSTRA,-12.21542,136.70569,False,False,True,1,Proximity to Cell
GUTJANGAN,COMMUNITY,23.0,,,YES,TELSTRA,-12.0839,136.80857,False,False,True,1,Proximity to Cell
HERMANNSBURG,COMMUNITY,491.0,YES,,,TELSTRA,-23.9427,132.7787,True,False,False,1,Macro Cell
HINGSTONS PLACE,COMMUNITY,7.0,,,YES,OPTUS/TELSTRA,-19.61773,134.19703,False,False,True,1,Proximity to Cell
HUNTERS CAMP,COMMUNITY,5.0,,,YES,OPTUS/TELSTRA,-12.65,132.829,False,False,True,1,Proximity to Cell
IMANPA,COMMUNITY,106.0,YES,,,TELSTRA,-25.1305099999999,132.569989999999,True,False,False,1,Macro Cell
IMPORTNA,COMMUNITY,5.0,,,YES,TELSTRA,-23.94048,132.74341,False,False,True,1,Proximity to Cell
INBINA ATWATYE,COMMUNITY,10.0,,,YES,TELSTRA,-23.741,133.713,False,False,True,1,Proximity to Cell
INKWELAYE,COMMUNITY,30.0,,,YES,TELSTRA,-22.07951,134.83153,False,False,True,1,Proximity to Cell
IPALALA,COMMUNITY,6.0,,,YES,TELSTRA,-23.92556,132.67808,False,False,True,1,Proximity to Cell
IRRILTYERE (A),COMMUNITY,7.0,,,YES,OPTUS/TELSTRA,-23.75129,133.69467,False,False,True,1,Proximity to Cell
IRRILTYERE (B),COMMUNITY,8.0,,,YES,OPTUS/TELSTRA,-23.76105,133.68564,False,False,True,1,Proximity to Cell
ITCHY KOO PARK,COMMUNITY,36.0,,,YES,OPTUS/TELSTRA,-23.76667,133.65816,False,False,True,1,Proximity to Cell
ITEYEPINTYE,COMMUNITY,21.0,,,YES,TELSTRA,-23.76466,133.59994,False,False,True,1,Proximity to Cell
ITPERLYENGE,COMMUNITY,11.0,,,YES,TELSTRA,-23.76361,133.61103,False,False,True,1,Proximity to Cell
JEMELKE,COMMUNITY,8.0,,,YES,OPTUS/TELSTRA,-21.53389,133.87473,False,False,True,1,Proximity to Cell
JILKMINGGAN,COMMUNITY,254.0,,YES,,TELSTRA,-14.9530599999999,133.3,False,True,False,1,Small Cell
KALKARINDJI,COMMUNITY,311.0,YES,,,TELSTRA,-17.4467499999999,130.83212,True,False,False,1,Macro Cell
KALTUKATJARA,COMMUNITY,195.0,YES,,,TELSTRA,-24.87611,129.07916,True,False,False,1,Macro Cell
KAPORILYA,COMMUNITY,5.0,,,YES,TELSTRA,-23.94,132.72,False,False,True,1,Proximity to Cell
KINGS CANYON RESORT,TOURISM,,,YES,,OPTUS/TELSTRA,-24.248,131.512,False,True,False,1,Small Cell
KINGS CREEK STATION,TOURISM,,,YES,,OPTUS/TELSTRA,-24.405,131.817,False,True,False,1,Small Cell
KINTORE,COMMUNITY,381.0,YES,,,TELSTRA,-23.27591,129.387249999999,True,False,False,1,Macro Cell
KULGERA,HIGHWAY,,,YES,,OPTUS/TELSTRA,-25.84084,133.300479999999,False,True,False,1,Small Cell
KUNGARREWARL,COMMUNITY,5.0,,,YES,TELSTRA,-12.34346,133.05617,False,False,True,1,Proximity to Cell
KUY,COMMUNITY,5.0,,,YES,TELSTRA,-14.03546,129.59784,False,False,True,1,Proximity to Cell
KWALE KWALE,COMMUNITY,25.0,,,YES,OPTUS/TELSTRA,-23.76972,133.57451,False,False,True,1,Proximity to Cell
KYBROOK FARM,COMMUNITY,52.0,,,YES,TELSTRA,-13.8631599999999,131.821959999999,False,False,True,1,Proximity to Cell
LAJAMANU,COMMUNITY,605.0,YES,,,TELSTRA,-18.3358399999999,130.638339999999,True,False,False,1,Macro Cell
LARRIMAH,HIGHWAY,,,YES,,OPTUS,-15.574,133.215,False,True,False,1,Small Cell
LIZARD BORE,COMMUNITY,5.0,,,YES,TELSTRA,-23.30034,131.13465,False,False,True,1,Proximity to Cell
LUL-TJU,COMMUNITY,5.0,,,YES,TELSTRA,-18.37671,130.59313,False,False,True,1,Proximity to Cell
LYILYALANAMA,COMMUNITY,5.0,,,YES,TELSTRA,-23.94724,132.74474,False,False,True,1,Proximity to Cell
MALKALA,COMMUNITY,71.0,,,YES,TELSTRA,-13.8914,136.44224,False,False,True,1,Proximity to Cell
MANINGRIDA,COMMUNITY,2297.0,YES,,,TELSTRA,-12.0508499999999,134.22363,True,False,False,1,Macro Cell
MANDEDJKADJANG,COMMUNITY,10.0,,,YES,TELSTRA,-12.26454,134.03056,False,False,True,1,Proximity to Cell
MANYALLALUK,COMMUNITY,97.0,YES,,,TELSTRA,-14.2664899999999,132.827969999999,True,False,False,1,Macro Cell
MARLINJA,COMMUNITY,36.0,,,YES,TELSTRA,-17.37111,133.40305,False,False,True,1,Proximity to Cell
MARY RIVER ROADHOUSE,TOURISM,,,YES,,OPTUS/TELSTRA,-13.605,132.219,False,True,False,1,Small Cell
MATARANKA,VILLAGE,384.0,YES,YES,,OPTUS/TELSTRA,-14.9243499999999,133.067949999999,True,True,False,2,Macro Cell + Small Cell
MERRAL NTARRAKALA,COMMUNITY,5.0,,,YES,TELSTRA,-23.91418,132.82865,False,False,True,1,Proximity to Cell
MILIKAPITI,COMMUNITY,390.0,YES,,,TELSTRA,-11.4216699999999,130.67418,True,False,False,1,Macro Cell
MILINGIMBI,COMMUNITY,1025.0,YES,,,TELSTRA,-12.1036,134.9201,True,False,False,1,Macro Cell
MINJILANG,COMMUNITY,234.0,YES,,,TELSTRA,-11.1507,132.578599999999,True,False,False,1,Macro Cell
MINYERRI,COMMUNITY,603.0,YES,,,TELSTRA,-15.2216,134.082099999999,True,False,False,1,Macro Cell
MOTNAS,COMMUNITY,5.0,,,YES,TELSTRA,-23.94974,132.76946,False,False,True,1,Proximity to Cell
MOUNT BUNDEY,HIGHWAY,,YES,,,TELSTRA,-12.855,131.813,True,False,False,1,Macro Cell
MOUNT EBENEZER,TOURISM,,,YES,YES,OPTUS/TELSTRA,-25.173,132.674,False,True,True,2,Small Cell + Proximity to Cell
MOUNT LIEBIG,COMMUNITY,234.0,YES,,,TELSTRA,-23.26605,131.27319,True,False,False,1,Macro Cell
MOUNT TWELLAR,COMMUNITY,17.0,,,YES,TELSTRA,-23.54198,133.62279,False,False,True,1,Proximity to Cell
MUDGINBERRI,COMMUNITY,50.0,,,YES,OPTUS/TELSTRA,-12.598,132.873,False,False,True,1,Proximity to Cell
MUMUKALA,COMMUNITY,12.0,,,YES,TELSTRA,-12.611,132.666,False,False,True,1,Proximity to Cell
MURUNING,COMMUNITY,21.0,,,YES,TELSTRA,-15.675,130.485,False,False,True,1,Proximity to Cell
MUTITJULU,COMMUNITY,426.0,YES,,YES,OPTUS/TELSTRA,-25.3523,131.066699999999,True,False,True,2,Macro Cell + Proximity to Cell
MYATT,COMMUNITY,75.0,,,YES,TELSTRA,-15.707,130.483,False,False,True,1,Proximity to Cell
NADILMUK,COMMUNITY,5.0,,,YES,TELSTRA,-11.994,134.295,False,False,True,1,Proximity to Cell
NAUIYU,COMMUNITY,319.0,YES,,,TELSTRA,-13.7505399999999,130.688929999999,True,False,False,1,Macro Cell
NEWCASTLE WATERS,HIGHWAY,,,YES,,TELSTRA,-17.37,133.409,False,True,False,1,Small Cell
NGADUMIYERRKA,COMMUNITY,24.0,,,YES,TELSTRA,-13.82,136.456,False,False,True,1,Proximity to Cell
NGANGALALA,COMMUNITY,55.0,,,YES,TELSTRA,-12.298,134.992,False,False,True,1,Proximity to Cell
NGANMARRIYANGA,COMMUNITY,328.0,YES,,,TELSTRA,-14.3511099999999,129.87889,True,False,False,1,Macro Cell
NGAYAWILLI,COMMUNITY,13.0,,,YES,TELSTRA,-11.994,135.575,False,False,True,1,Proximity to Cell
NGUKURR,COMMUNITY,1003.0,YES,,,TELSTRA,-14.7317,134.7321,True,False,False,1,Macro Cell
NTAKARRA,COMMUNITY,5.0,,,YES,TELSTRA,-23.895,132.68,False,False,True,1,Proximity to Cell
NTURIYA,COMMUNITY,66.0,,,YES,TELSTRA,-22.12379,133.265289999999,False,False,True,1,Proximity to Cell
NUMBULWAR,COMMUNITY,675.0,YES,,,TELSTRA,-14.2791,135.7406,True,False,False,1,Macro Cell
ORMISTON RANGER STATION,TOURISM,,,YES,,OPTUS,-23.633,132.728,False,True,False,1,Small Cell
PAPUNYA,COMMUNITY,389.0,YES,,,TELSTRA,-23.20306,131.9111,True,False,False,1,Macro Cell
PARADISE FARM,COMMUNITY,10.0,,,YES,TELSTRA,-12.939,132.533,False,False,True,1,Proximity to Cell
PARU,COMMUNITY,5.0,,,YES,TELSTRA,-11.75,130.646,False,False,True,1,Proximity to Cell
PAYEPERRENTYE (B),COMMUNITY,9.0,,,YES,OPTUS/TELSTRA,-23.771,133.556,False,False,True,1,Proximity to Cell
PEPPIMENARTI,COMMUNITY,171.0,YES,,,TELSTRA,-14.1503,130.0763,True,False,False,1,Macro Cell
PERTE THERRE,COMMUNITY,18.0,,,YES,OPTUS/TELSTRA,-23.758,133.646,False,False,True,1,Proximity to Cell
PHILLIPSON BORE,COMMUNITY,5.0,,,YES,TELSTRA,-24.096,134.43,False,False,True,1,Proximity to Cell
PINE CREEK,VILLAGE,142.0,YES,,,TELSTRA,-13.8227,131.8344,True,False,False,1,Macro Cell
PIRLANGIMPI,COMMUNITY,289.0,YES,,,TELSTRA,-11.4059,130.4172,True,False,False,1,Macro Cell
PMARA JUTUNTA,COMMUNITY,144.0,YES,,,TELSTRA,-22.2087799999999,133.430729999999,True,False,False,1,Macro Cell
RAMINGINING,COMMUNITY,742.0,YES,,,TELSTRA,-12.32779,134.930009999999,True,False,False,1,Macro Cell
RENNER SPRINGS ROADHOUSE,HIGHWAY,,,YES,,OPTUS,-18.318,133.795,False,True,False,1,Small Cell
ROBINSON RIVER,COMMUNITY,161.0,,YES,,TELSTRA,-16.75974,136.98057,False,True,False,1,Small Cell
ROCKHOLE,COMMUNITY,145.0,,,YES,OPTUS/TELSTRA,-14.51935,132.18633,False,False,True,1,Proximity to Cell
ROSS RIVER RESORT,TOURISM,,,YES,,OPTUS,-23.591,134.49,False,True,False,1,Small Cell
RUTJINGKA,COMMUNITY,5.0,,,YES,TELSTRA,-23.916,132.815,False,False,True,1,Proximity to Cell
SANDY BAY,COMMUNITY,5.0,,,YES,TELSTRA,-11.207,132.58,False,False,True,1,Proximity to Cell
SANTA TERESA,COMMUNITY,561.0,YES,,,TELSTRA,-24.1307,134.3733,True,False,False,1,Macro Cell
STUARTS WELL ROADHOUSE,HIGHWAY,,,YES,,OPTUS/TELSTRA,-24.339,133.458,False,True,False,1,Small Cell
THREEWAYS ROADHOUSE,HIGHWAY,,,YES,,OPTUS,-19.436,134.208,False,True,False,1,Small Cell
TILMOUTH WELL ROADHOUSE,HIGHWAY,,,YES,,TELSTRA,-22.809,132.599,False,True,False,1,Small Cell
TIMBER CREEK,VILLAGE,155.0,YES,,,TELSTRA,-15.6625,130.4804,True,False,False,1,Macro Cell
TIPPERARY STATION,HIGHWAY,,,YES,,TELSTRA,-13.734,131.041,False,True,False,1,Small Cell
TITJIKALA,COMMUNITY,186.0,YES,,,TELSTRA,-24.67389,134.075839999999,True,False,False,1,Macro Cell
TI TREE,VILLAGE,49.0,YES,,,OPTUS/TELSTRA,-22.1279,133.4171,True,False,False,1,Macro Cell
TJAMANGKURRA,COMMUNITY,5.0,,,YES,TELSTRA,-23.969,132.805,False,False,True,1,Proximity to Cell
TJINTIRTJINTIRPA,COMMUNITY,5.0,,,YES,TELSTRA,-23.285,131.271,False,False,True,1,Proximity to Cell
TNERTE,COMMUNITY,15.0,,,YES,TELSTRA,-23.747,133.72,False,False,True,1,Proximity to Cell
TNYIMIPURTA,COMMUNITY,8.0,,,YES,TELSTRA,-23.888,132.671,False,False,True,1,Proximity to Cell
TOP SPRINGS ROADHOUSE,HIGHWAY,,,YES,,OPTUS/TELSTRA,-16.544,131.796,False,True,False,1,Small Cell
TWETYE (A),COMMUNITY,13.0,,,YES,TELSTRA,-23.74034,133.70539,False,False,True,1,Proximity to Cell
TWETYE (B),COMMUNITY,26.0,,,YES,TELSTRA,-23.74292,133.69633,False,False,True,1,Proximity to Cell
TYWENPE (A),COMMUNITY,17.0,,,YES,OPTUS/TELSTRA,-23.72634,133.72928,False,False,True,1,Proximity to Cell
TYWENPE (C),COMMUNITY,36.0,,,YES,OPTUS/TELSTRA,-23.74426,133.68787,False,False,True,1,Proximity to Cell
TYWENPE (D),COMMUNITY,7.0,,,YES,OPTUS/TELSTRA,-23.7648,133.67226,False,False,True,1,Proximity to Cell
ULAMBARA,COMMUNITY,8.0,,,YES,TELSTRA,-23.27715,131.92748,False,False,True,1,Proximity to Cell
ULPANYALI,COMMUNITY,19.0,,,YES,TELSTRA,-24.23091,131.50075,False,False,True,1,Proximity to Cell
ULPUNDA,COMMUNITY,9.0,,,YES,TELSTRA,-23.9546,132.766,False,False,True,1,Proximity to Cell
UMBAKUMBA,COMMUNITY,441.0,YES,,,TELSTRA,-13.8597399999999,136.811129999999,True,False,False,1,Macro Cell
UNDOOLYA BORE,COMMUNITY,16.0,,,YES,TELSTRA,-23.748,134.118,False,False,True,1,Proximity to Cell
VICTORIA RIVER ROADHOUSE,HIGHWAY,,,YES,,OPTUS,-15.616,131.127,False,True,False,1,Small Cell
WADEYE,COMMUNITY,1650.0,YES,,,TELSTRA,-14.2404,129.520499999999,True,False,False,1,Macro Cell
WAKURLPU,COMMUNITY,10.0,,,YES,TELSTRA,-20.632,134.217,False,False,True,1,Proximity to Cell
WALKER CREEK,TOURISM,,YES,,,OPTUS,-13.122,130.695,True,False,False,1,Macro Cell
WALLACE ROCKHOLE,COMMUNITY,82.0,YES,,,TELSTRA,-24.1245,133.086299999999,True,False,False,1,Macro Cell
WANGI FALLS,TOURISM,,,YES,,OPTUS,-13.158,130.684,False,True,False,1,Small Cell
WANMARRA,COMMUNITY,14.0,,,YES,TELSTRA,-24.388,131.803,False,False,True,1,Proximity to Cell
WARRUWI,COMMUNITY,391.0,YES,,,TELSTRA,-11.6489599999999,133.38935,True,False,False,1,Macro Cell
WARUMPI,COMMUNITY,5.0,,,YES,TELSTRA,-23.185,131.975,False,False,True,1,Proximity to Cell
WATARU,COMMUNITY,5.0,,,YES,TELSTRA,-24.859,129.059,False,False,True,1,Proximity to Cell
WEEMOL,COMMUNITY,91.0,,,YES,TELSTRA,-13.6441799999999,134.308629999999,False,False,True,1,Proximity to Cell
WIITIN,COMMUNITY,10.0,,,YES,OPTUS/TELSTRA,-19.545,134.237,False,False,True,1,Proximity to Cell
WILGI,COMMUNITY,6.0,,,YES,TELSTRA,-11.496,132.749,False,False,True,1,Proximity to Cell
WOLLOGORANG,COMMUNITY,7.0,,YES,,TELSTRA,-17.218,137.989,False,True,False,1,Small Cell
WUNARA,COMMUNITY,5.0,,YES,,TELSTRA,-19.989,136.618,False,True,False,1,Small Cell
WURLBU,COMMUNITY,7.0,,,YES,TELSTRA,-16.075,136.284,False,False,True,1,Proximity to Cell
WURRUMIYANGA,COMMUNITY,1209.0,YES,,,TELSTRA,-11.75831,130.63747,True,False,False,1,Macro Cell
WYCLIFFE WELL,HIGHWAY,,,YES,,OPTUS,-20.795,134.236,False,True,False,1,Small Cell
YANUNGBI,COMMUNITY,5.0,,,YES,TELSTRA,-12.28,136.658,False,False,True,1,Proximity to Cell
YARRALIN,COMMUNITY,250.0,YES,,,TELSTRA,-16.4484099999999,130.88279,True,False,False,1,Macro Cell
YARTALU YARTALU,COMMUNITY,7.0,,,YES,TELSTRA,-20.573,130.355,False,False,True,1,Proximity to Cell
YATHALAMARRA,COMMUNITY,59.0,,,YES,TELSTRA,-12.274,134.922,False,False,True,1,Proximity to Cell
YIRRKALA,COMMUNITY,524.0,YES,,,TELSTRA,-12.2527899999999,136.89168,True,False,False,1,Macro Cell
YUDUYUDU,COMMUNITY,10.0,,,YES,OPTUS/TELSTRA,-12.233,136.637,False,False,True,1,Proximity to Cell
YUENDUMU,COMMUNITY,617.0,YES,,,TELSTRA,-22.2538899999999,131.795289999999,True,False,False,1,Macro Cell
YULARA,TOURISM,,YES,,,TELSTRA,-25.2413299999999,130.98766,True,False,False,1,Macro Cell
