site_name,site_type,population,macro_cell,small_cell,proximity_to_cell,provider,latitude,longitude,has_macro_cell,has_small_cell,has_proximity_cell,coverage_count,coverage_type,remoteness,nbn_fixedline_2024,nearest_mbsp_distance_km,nearest_mbsp_id,nearest_mbsp_location,nearest_mbsp_status,mbsp_within_20km,cyclone_nearest_name,cyclone_nearest_id,cyclone_nearest_track_km,cyclones_within_100km,cyclones_within_200km,severe_cyclones_within_200km,nearest_severe_track_km,latest_cyclone_within_200km,latest_cyclone_within_200km_date,cyclone_distance_percentile,cyclone_frequency_percentile,cyclone_severe_percentile,cyclone_exposure_context_score,cyclone_exposure_context_level
MALKALA,COMMUNITY,71.0,,,YES,TELSTRA,-13.8914,136.44224,False,False,True,1,Proximity to Cell,Very Remote Australia,False,80.36,MBSP7-NT-007,Yilpara (Banyala),In Progress,False,Imogen,AU202021_05U,1.7,28,57,10,63.2,Narelle,2026-03-28 06:00:00+00:00,81.91489361702128,98.40425531914893,98.40425531914893,92,Higher
ANGURUGU,COMMUNITY,883.0,YES,,,TELSTRA,-13.9822399999999,136.460569999999,True,False,False,1,Macro Cell,Very Remote Australia,False,90.6,MBSP7-NT-007,Yilpara (Banyala),In Progress,False,JASON,AU198687_04U,1.9,28,57,10,69.2,Narelle,2026-03-28 06:00:00+00:00,80.0531914893617,98.40425531914893,98.40425531914893,91,Higher
MILINGIMBI,COMMUNITY,1025.0,YES,,,TELSTRA,-12.1036,134.9201,True,False,False,1,Macro Cell,Very Remote Australia,False,187.0,MBSP7-NT-007,Yilpara (Banyala),In Progress,False,CRAIG,AU200203_06U,0.3,22,50,6,14.2,Narelle,2026-03-28 06:00:00+00:00,97.3404255319149,86.96808510638297,84.8404255319149,91,Higher
BUNHANURA,COMMUNITY,7.0,,,YES,TELSTRA,-12.37449,135.72221,False,False,True,1,Proximity to Cell,Very Remote Australia,False,106.86,MBSP7-NT-007,Yilpara (Banyala),In Progress,False,AU198182_04U,AU198182_04U,0.4,16,49,6,54.1,Narelle,2026-03-28 06:00:00+00:00,96.27659574468085,85.1063829787234,84.8404255319149,90,Higher
MILIKAPITI,COMMUNITY,390.0,YES,,,TELSTRA,-11.4216699999999,130.67418,True,False,False,1,Macro Cell,Very Remote Australia,False,103.71,MBSP5-NT-004,Gunn Point,Complete,False,BEVERLEY-EVA,AU197071_03U,1.3,33,54,6,2.3,Fina,2025-11-26 06:00:00+00:00,86.17021276595744,94.14893617021278,84.8404255319149,89,Higher
BARDALUMBA,COMMUNITY,11.0,,,YES,TELSTRA,-13.82445,136.4489,False,False,True,1,Proximity to Cell,Very Remote Australia,False,73.49,MBSP7-NT-007,Yilpara (Banyala),In Progress,False,Imogen,AU202021_05U,3.3,27,56,10,56.4,Narelle,2026-03-28 06:00:00+00:00,73.67021276595744,96.01063829787235,98.40425531914893,88,Higher
GUNYANGARA,COMMUNITY,209.0,,,YES,OPTUS/TELSTRA,-12.21542,136.70569,False,False,True,1,Proximity to Cell,Very Remote Australia,False,121.11,MBSP7-NT-007,Yilpara (Banyala),In Progress,False,AU198182_04U,AU198182_04U,1.8,20,52,7,35.6,Narelle,2026-03-28 06:00:00+00:00,81.11702127659575,91.48936170212765,92.2872340425532,88,Higher
GALIWINKU,COMMUNITY,2027.0,YES,,,TELSTRA,-12.0235,135.5664,True,False,False,1,Macro Cell,Very Remote Australia,False,149.15,MBSP7-NT-007,Yilpara (Banyala),In Progress,False,SID,AU199798_02U,0.6,20,48,6,15.6,Narelle,2026-03-28 06:00:00+00:00,94.41489361702128,81.91489361702128,84.8404255319149,88,Higher
BELYUEN,COMMUNITY,150.0,YES,,,TELSTRA,-12.5386,130.6999,True,False,False,1,Macro Cell,Remote Australia,False,32.32,MBSP2-NT-003,Bynoe,Complete,False,Carlos,AU201011_17U,2.1,34,57,6,18.4,Narelle,2026-03-28 06:00:00+00:00,79.25531914893617,98.40425531914893,84.8404255319149,87,Higher
KUY,COMMUNITY,5.0,,,YES,TELSTRA,-14.03546,129.59784,False,False,True,1,Proximity to Cell,Very Remote Australia,False,151.76,MBSP2-NT-015,Wangi Falls,Complete,False,GEORGE,AU200607_11U,0.9,27,57,2,95.4,Narelle,2026-03-28 06:00:00+00:00,91.48936170212765,98.40425531914893,64.09574468085107,87,Higher
PIRLANGIMPI,COMMUNITY,289.0,YES,,,TELSTRA,-11.4059,130.4172,True,False,False,1,Macro Cell,Very Remote Australia,False,119.47,MBSP5-NT-004,Gunn Point,Complete,False,BEVERLEY-EVA,AU197071_03U,2.3,31,57,6,0.5,Fina,2025-11-26 06:00:00+00:00,77.6595744680851,98.40425531914893,84.8404255319149,87,Higher
YUDUYUDU,COMMUNITY,10.0,,,YES,OPTUS/TELSTRA,-12.233,136.637,False,False,True,1,Proximity to Cell,Very Remote Australia,False,116.3,MBSP7-NT-007,Yilpara (Banyala),In Progress,False,AU198182_04U,AU198182_04U,2.2,19,52,7,38.9,Narelle,2026-03-28 06:00:00+00:00,78.72340425531915,91.48936170212765,92.2872340425532,87,Higher
NGANGALALA,COMMUNITY,55.0,,,YES,TELSTRA,-12.298,134.992,False,False,True,1,Proximity to Cell,Very Remote Australia,False,167.34,MBSP7-NT-007,Yilpara (Banyala),In Progress,False,AU200203_01U,AU200203_01U,0.8,20,47,7,1.2,Narelle,2026-03-28 06:00:00+00:00,92.2872340425532,77.12765957446808,92.2872340425532,87,Higher
NGADUMIYERRKA,COMMUNITY,24.0,,,YES,TELSTRA,-13.82,136.456,False,False,True,1,Proximity to Cell,Very Remote Australia,False,73.28,MBSP7-NT-007,Yilpara (Banyala),In Progress,False,Alessia,AU201314_01U,3.6,27,56,10,56.1,Narelle,2026-03-28 06:00:00+00:00,70.47872340425532,96.01063829787235,98.40425531914893,86,Higher
GALAWARRA,COMMUNITY,16.0,,,YES,TELSTRA,-12.0444,135.59373,False,False,True,1,Proximity to Cell,Very Remote Australia,False,145.7,MBSP7-NT-007,Yilpara (Banyala),In Progress,False,SID,AU199798_02U,1.0,21,48,6,19.3,Narelle,2026-03-28 06:00:00+00:00,90.42553191489363,81.91489361702128,84.8404255319149,86,Higher
GARANYDJIRR,COMMUNITY,6.0,,,YES,TELSTRA,-12.28204,135.02095,False,False,True,1,Proximity to Cell,Very Remote Australia,False,165.92,MBSP7-NT-007,Yilpara (Banyala),In Progress,False,AU200203_01U,AU200203_01U,1.0,20,47,7,3.6,Narelle,2026-03-28 06:00:00+00:00,90.42553191489363,77.12765957446808,92.2872340425532,86,Higher
GUTJANGAN,COMMUNITY,23.0,,,YES,TELSTRA,-12.0839,136.80857,False,False,True,1,Proximity to Cell,Very Remote Australia,False,139.16,MBSP7-NT-007,Yilpara (Banyala),In Progress,False,KIM,AU197576_03U,3.4,23,53,7,19.4,Narelle,2026-03-28 06:00:00+00:00,72.07446808510637,93.35106382978722,92.2872340425532,85,Higher
YIRRKALA,COMMUNITY,524.0,YES,,,TELSTRA,-12.2527899999999,136.89168,True,False,False,1,Macro Cell,Very Remote Australia,True,127.57,MBSP7-NT-007,Yilpara (Banyala),In Progress,False,Paul,AU200910_11U,2.3,23,51,7,35.6,Narelle,2026-03-28 06:00:00+00:00,77.6595744680851,89.09574468085107,92.2872340425532,85,Higher
BODIA,COMMUNITY,29.0,,,YES,TELSTRA,-12.07688,134.89628,False,False,True,1,Proximity to Cell,Very Remote Australia,False,190.9,MBSP7-NT-007,Yilpara (Banyala),In Progress,False,AMELIA,AU198182_03U,1.5,22,50,6,18.0,Narelle,2026-03-28 06:00:00+00:00,83.51063829787235,86.96808510638297,84.8404255319149,85,Higher
DHIPIRRINJURA,COMMUNITY,30.0,,,YES,TELSTRA,-12.24806,135.09757,False,False,True,1,Proximity to Cell,Very Remote Australia,False,161.9,MBSP7-NT-007,Yilpara (Banyala),In Progress,False,AU200203_01U,AU200203_01U,1.3,22,47,7,10.1,Narelle,2026-03-28 06:00:00+00:00,86.17021276595744,77.12765957446808,92.2872340425532,85,Higher
DHUDUPU,COMMUNITY,12.0,,,YES,TELSTRA,-12.0033,135.5692,False,False,True,1,Proximity to Cell,Very Remote Australia,False,150.98,MBSP7-NT-007,Yilpara (Banyala),In Progress,False,SID,AU199798_02U,1.4,21,48,6,14.3,Narelle,2026-03-28 06:00:00+00:00,84.8404255319149,81.91489361702128,84.8404255319149,84,Higher
DHAMBALA,COMMUNITY,9.0,,,YES,TELSTRA,-12.0526,135.5609,False,False,True,1,Proximity to Cell,Very Remote Australia,False,146.62,MBSP7-NT-007,Yilpara (Banyala),In Progress,False,AU200203_01U,AU200203_01U,1.0,20,47,6,17.2,Narelle,2026-03-28 06:00:00+00:00,90.42553191489363,77.12765957446808,84.8404255319149,84,Higher
NUMBULWAR,COMMUNITY,675.0,YES,,,TELSTRA,-14.2791,135.7406,True,False,False,1,Macro Cell,Very Remote Australia,False,131.05,MBSP7-NT-007,Yilpara (Banyala),In Progress,False,WINSOME,AU200001_03U,1.5,26,47,8,51.5,Narelle,2026-03-28 06:00:00+00:00,83.51063829787235,77.12765957446808,95.2127659574468,84,Higher
WURLBU,COMMUNITY,7.0,,,YES,TELSTRA,-16.075,136.284,False,False,True,1,Proximity to Cell,Very Remote Australia,False,26.74,MBSP7-NT-002,King Ash Bay,In Progress,False,BELLA,AU197273_11U,1.2,23,45,9,8.9,Mitchell,2026-02-10 12:00:00+00:00,87.5,71.54255319148936,96.27659574468085,84,Higher
WEEMOL,COMMUNITY,91.0,,,YES,TELSTRA,-13.6441799999999,134.308629999999,False,False,True,1,Proximity to Cell,Very Remote Australia,False,121.71,MBSP7-NT-005,Urapunga,In Progress,False,MADGE,AU197273_09U,0.1,22,43,6,32.4,Narelle,2026-03-28 06:00:00+00:00,99.7340425531915,66.22340425531915,84.8404255319149,84,Higher
RAMINGINING,COMMUNITY,742.0,YES,,,TELSTRA,-12.32779,134.930009999999,True,False,False,1,Macro Cell,Very Remote Australia,False,170.86,MBSP7-NT-007,Yilpara (Banyala),In Progress,False,KIM,AU197576_03U,1.4,21,46,7,3.9,Narelle,2026-03-28 06:00:00+00:00,84.8404255319149,73.93617021276596,92.2872340425532,83,Higher
SANDY BAY,COMMUNITY,5.0,,,YES,TELSTRA,-11.207,132.58,False,False,True,1,Proximity to Cell,Very Remote Australia,False,6.61,MBSP-NT-003,Minjilang,Complete,True,GRETEL,AU198485_17U,0.3,25,46,5,0.7,Fina,2025-11-26 06:00:00+00:00,97.3404255319149,73.93617021276596,74.7340425531915,83,Higher
MUDGINBERRI,COMMUNITY,50.0,,,YES,OPTUS/TELSTRA,-12.598,132.873,False,False,True,1,Proximity to Cell,Remote Australia,False,21.2,MBSP5-NT-003,Cahills Crossing,Complete,False,MONICA,AU200506_22U,0.2,21,44,5,112.3,Narelle,2026-03-28 06:00:00+00:00,98.67021276595744,68.61702127659575,74.7340425531915,82,Higher
MOUNT BUNDEY,HIGHWAY,,YES,,,TELSTRA,-12.855,131.813,True,False,False,1,Macro Cell,Remote Australia,False,15.69,MBSP2-NT-002,Bark Hut Inn,Complete,True,Kelvin,AU201718_17U,1.8,21,49,5,117.9,Narelle,2026-03-28 06:00:00+00:00,81.11702127659575,85.1063829787234,74.7340425531915,81,Higher
YATHALAMARRA,COMMUNITY,59.0,,,YES,TELSTRA,-12.274,134.922,False,False,True,1,Proximity to Cell,Very Remote Australia,False,175.04,MBSP7-NT-007,Yilpara (Banyala),In Progress,False,GEORGE,AU200607_11U,2.4,20,47,7,6.9,Narelle,2026-03-28 06:00:00+00:00,76.32978723404256,77.12765957446808,92.2872340425532,81,Higher
MUMUKALA,COMMUNITY,12.0,,,YES,TELSTRA,-12.611,132.666,False,False,True,1,Proximity to Cell,Remote Australia,False,37.79,MBSP5-NT-003,Cahills Crossing,Complete,False,BRUNO,AU198182_06U,0.6,23,45,5,132.4,Narelle,2026-03-28 06:00:00+00:00,94.41489361702128,71.54255319148936,74.7340425531915,81,Higher
PARADISE FARM,COMMUNITY,10.0,,,YES,TELSTRA,-12.939,132.533,False,False,True,1,Proximity to Cell,Remote Australia,False,73.33,MBSP5-NT-003,Cahills Crossing,Complete,False,Claudia,AU201920_03U,0.5,24,44,5,161.4,Narelle,2026-03-28 06:00:00+00:00,95.47872340425532,68.61702127659575,74.7340425531915,81,Higher
WURRUMIYANGA,COMMUNITY,1209.0,YES,,,TELSTRA,-11.75831,130.63747,True,False,False,1,Macro Cell,Remote Australia,False,73.79,MBSP5-NT-004,Gunn Point,Complete,False,HECTOR,AU198586_04U,6.1,34,56,6,31.5,Fina,2025-11-26 06:00:00+00:00,62.23404255319149,96.01063829787235,84.8404255319149,80,Higher
NADILMUK,COMMUNITY,5.0,,,YES,TELSTRA,-11.994,134.295,False,False,True,1,Proximity to Cell,Very Remote Australia,False,153.01,MBSP5-NT-003,Cahills Crossing,Complete,False,Megan,AU202324_09U,1.3,22,48,4,28.2,Narelle,2026-03-28 06:00:00+00:00,86.17021276595744,81.91489361702128,67.81914893617021,80,Higher
NGAYAWILLI,COMMUNITY,13.0,,,YES,TELSTRA,-11.994,135.575,False,False,True,1,Proximity to Cell,Very Remote Australia,False,151.6,MBSP7-NT-007,Yilpara (Banyala),In Progress,False,AU200203_01U,AU200203_01U,2.4,21,48,6,14.2,Narelle,2026-03-28 06:00:00+00:00,76.32978723404256,81.91489361702128,84.8404255319149,80,Higher
UMBAKUMBA,COMMUNITY,441.0,YES,,,TELSTRA,-13.8597399999999,136.811129999999,True,False,False,1,Macro Cell,Very Remote Australia,False,96.8,MBSP7-NT-007,Yilpara (Banyala),In Progress,False,LEAH,AU197273_08U,10.9,29,60,10,71.4,Narelle,2026-03-28 06:00:00+00:00,48.93617021276596,100.0,98.40425531914893,79,Higher
WILGI,COMMUNITY,6.0,,,YES,TELSTRA,-11.496,132.749,False,False,True,1,Proximity to Cell,Very Remote Australia,False,43.16,MBSP-NT-003,Minjilang,Complete,False,BOBBY,AU199495_02U,1.5,25,48,4,32.0,Fina,2025-11-26 06:00:00+00:00,83.51063829787235,81.91489361702128,67.81914893617021,79,Higher
MANINGRIDA,COMMUNITY,2297.0,YES,,,TELSTRA,-12.0508499999999,134.22363,True,False,False,1,Macro Cell,Very Remote Australia,False,143.69,MBSP5-NT-003,Cahills Crossing,Complete,False,BEVERLEY-EVA,AU197071_03U,1.2,22,47,4,32.3,Narelle,2026-03-28 06:00:00+00:00,87.5,77.12765957446808,67.81914893617021,79,Higher
YANUNGBI,COMMUNITY,5.0,,,YES,TELSTRA,-12.28,136.658,False,False,True,1,Proximity to Cell,Very Remote Australia,False,112.41,MBSP7-NT-007,Yilpara (Banyala),In Progress,False,AU198182_04U,AU198182_04U,7.7,20,53,7,35.1,Narelle,2026-03-28 06:00:00+00:00,55.85106382978723,93.35106382978722,92.2872340425532,78,Higher
NGANMARRIYANGA,COMMUNITY,328.0,YES,,,TELSTRA,-14.3511099999999,129.87889,True,False,False,1,Macro Cell,Very Remote Australia,False,157.72,MBSP2-NT-015,Wangi Falls,Complete,False,Narelle,AU202526_34U,3.3,21,52,2,93.2,Narelle,2026-03-28 06:00:00+00:00,73.67021276595744,91.48936170212765,64.09574468085107,78,Higher
BORROLOOLA,COMMUNITY,755.0,YES,,,TELSTRA,-16.0676,136.3069,True,False,False,1,Macro Cell,Very Remote Australia,False,24.29,MBSP7-NT-002,King Ash Bay,In Progress,False,BELLA,AU197273_11U,3.4,25,45,9,9.6,Mitchell,2026-02-10 12:00:00+00:00,72.07446808510637,71.54255319148936,96.27659574468085,78,Higher
MANDEDJKADJANG,COMMUNITY,10.0,,,YES,TELSTRA,-12.26454,134.03056,False,False,True,1,Proximity to Cell,Very Remote Australia,False,117.84,MBSP5-NT-003,Cahills Crossing,Complete,False,FELICITY,AU198990_02U,1.1,24,44,5,41.9,Narelle,2026-03-28 06:00:00+00:00,88.82978723404256,68.61702127659575,74.7340425531915,78,Higher
PINE CREEK,VILLAGE,142.0,YES,,,TELSTRA,-13.8227,131.8344,True,False,False,1,Macro Cell,Remote Australia,False,48.13,MBSP2-NT-012,Mary River Roadhouse,Complete,False,PHIL,AU199697_06U,0.2,19,39,2,91.3,Narelle,2026-03-28 06:00:00+00:00,98.67021276595744,63.56382978723404,64.09574468085107,78,Higher
PARU,COMMUNITY,5.0,,,YES,TELSTRA,-11.75,130.646,False,False,True,1,Proximity to Cell,Very Remote Australia,False,73.92,MBSP5-NT-004,Gunn Point,Complete,False,HECTOR,AU198586_04U,7.5,34,56,6,31.9,Fina,2025-11-26 06:00:00+00:00,56.38297872340425,96.01063829787235,84.8404255319149,77,Higher
ADELAIDE RIVER,VILLAGE,317.0,YES,,,OPTUS/TELSTRA,-13.2378,131.104729999999,True,False,False,1,Macro Cell,Remote Australia,False,28.35,MBSP2-NT-005,Chinner Road,Complete,False,Carlos,AU201011_17U,4.7,24,51,5,94.7,Narelle,2026-03-28 06:00:00+00:00,67.2872340425532,89.09574468085107,74.7340425531915,77,Higher
ROBINSON RIVER,COMMUNITY,161.0,,YES,,TELSTRA,-16.75974,136.98057,False,True,False,1,Small Cell,Very Remote Australia,False,106.11,MBSP7-NT-002,King Ash Bay,In Progress,False,ETHEL,AU199596_13U,3.4,23,42,11,32.9,Mitchell,2026-02-10 12:00:00+00:00,72.07446808510637,64.8936170212766,100.0,77,Higher
WANGI FALLS,TOURISM,,,YES,,OPTUS,-13.158,130.684,False,True,False,1,Small Cell,Remote Australia,False,0.91,MBSP2-NT-015,Wangi Falls,Complete,True,JENNY,AU197374_18U,5.7,27,51,5,83.2,Narelle,2026-03-28 06:00:00+00:00,63.829787234042556,89.09574468085107,74.7340425531915,75,Higher
GALAWDJAPIN,COMMUNITY,12.0,,,YES,TELSTRA,-12.28695,134.81751,False,False,True,1,Proximity to Cell,Very Remote Australia,False,183.52,MBSP7-NT-007,Yilpara (Banyala),In Progress,False,KIM,AU197576_03U,6.8,20,49,6,17.2,Narelle,2026-03-28 06:00:00+00:00,59.57446808510638,85.1063829787234,84.8404255319149,75,Higher
BULMAN,COMMUNITY,160.0,YES,,,TELSTRA,-13.6652899999999,134.333349999999,True,False,False,1,Macro Cell,Very Remote Australia,False,118.83,MBSP7-NT-005,Urapunga,In Progress,False,MADGE,AU197273_09U,2.5,22,43,6,29.4,Narelle,2026-03-28 06:00:00+00:00,75.53191489361703,66.22340425531915,84.8404255319149,75,Higher
COOINDA LODGE,TOURISM,,YES,,,TELSTRA,-12.905,132.522,True,False,False,1,Macro Cell,Remote Australia,False,71.22,MBSP5-NT-003,Cahills Crossing,Complete,False,JENNY,AU197374_18U,1.6,23,43,5,157.6,Narelle,2026-03-28 06:00:00+00:00,82.4468085106383,66.22340425531915,74.7340425531915,75,Higher
WADEYE,COMMUNITY,1650.0,YES,,,TELSTRA,-14.2404,129.520499999999,True,False,False,1,Macro Cell,Remote Australia,False,173.13,MBSP2-NT-015,Wangi Falls,Complete,False,Helen,AU200708_08U,6.2,24,55,2,105.6,Narelle,2026-03-28 06:00:00+00:00,61.702127659574465,94.68085106382979,64.09574468085107,74,Higher
BATCHELOR,VILLAGE,396.0,YES,,,OPTUS/TELSTRA,-13.0462899999999,131.028829999999,True,False,False,1,Macro Cell,Remote Australia,False,14.14,MBSP2-NT-005,Chinner Road,Complete,True,VICTOR,AU199798_07U,6.9,26,52,5,72.3,Narelle,2026-03-28 06:00:00+00:00,59.04255319148937,91.48936170212765,74.7340425531915,74,Higher
WARRUWI,COMMUNITY,391.0,YES,,,TELSTRA,-11.6489599999999,133.38935,True,False,False,1,Macro Cell,Very Remote Australia,False,98.35,MBSP5-NT-003,Cahills Crossing,Complete,False,Megan,AU202324_09U,5.9,23,50,5,35.7,Fina,2025-11-26 06:00:00+00:00,63.03191489361703,86.96808510638297,74.7340425531915,74,Higher
GUNBALANYA,COMMUNITY,1008.0,YES,,,TELSTRA,-12.324,133.056,True,False,False,1,Macro Cell,Remote Australia,False,15.57,MBSP5-NT-003,Cahills Crossing,Complete,True,AU198182_04U,AU198182_04U,3.0,21,47,4,79.6,Narelle,2026-03-28 06:00:00+00:00,74.46808510638297,77.12765957446808,67.81914893617021,74,Higher
JILKMINGGAN,COMMUNITY,254.0,,YES,,TELSTRA,-14.9530599999999,133.3,False,True,False,1,Small Cell,Very Remote Australia,False,8.49,MBSP5-NT-001,12 Mile Campground,Complete,True,LES,AU199798_06U,0.1,13,30,1,72.5,Narelle,2026-03-28 06:00:00+00:00,99.7340425531915,57.180851063829785,56.64893617021277,74,Higher
FLORENCE FALLS,TOURISM,,,YES,,OPTUS,-13.109,130.793,False,True,False,1,Small Cell,Remote Australia,False,0.05,MBSP2-NT-007,Florence Falls,Complete,True,JENNY,AU197374_18U,8.2,26,52,5,76.2,Narelle,2026-03-28 06:00:00+00:00,54.52127659574468,91.48936170212765,74.7340425531915,73,Higher
GAPUWIYAK,COMMUNITY,645.0,YES,,,TELSTRA,-12.5032199999999,135.805869999999,True,False,False,1,Macro Cell,Very Remote Australia,False,89.91,MBSP7-NT-007,Yilpara (Banyala),In Progress,False,KIM,AU197576_03U,7.0,18,48,6,70.8,Narelle,2026-03-28 06:00:00+00:00,58.24468085106383,81.91489361702128,84.8404255319149,73,Higher
TIMBER CREEK,VILLAGE,155.0,YES,,,TELSTRA,-15.6625,130.4804,True,False,False,1,Macro Cell,Very Remote Australia,False,69.62,MBSP2-NT-014,Victoria River Roadhouse,Complete,False,JIM,AU198384_18U,0.8,14,31,1,62.8,Narelle,2026-03-28 06:00:00+00:00,92.2872340425532,58.51063829787234,56.64893617021277,72,Higher
MURUNING,COMMUNITY,21.0,,,YES,TELSTRA,-15.675,130.485,False,False,True,1,Proximity to Cell,Very Remote Australia,False,69.24,MBSP2-NT-014,Victoria River Roadhouse,Complete,False,JIM,AU198384_18U,0.7,13,30,1,64.3,Narelle,2026-03-28 06:00:00+00:00,93.35106382978722,57.180851063829785,56.64893617021277,72,Higher
WALKER CREEK,TOURISM,,YES,,,OPTUS,-13.122,130.695,True,False,False,1,Macro Cell,Remote Australia,False,0.13,MBSP2-NT-011,Litchfield Ranger Station,Complete,True,JENNY,AU197374_18U,9.2,27,51,5,79.1,Narelle,2026-03-28 06:00:00+00:00,51.59574468085106,89.09574468085107,74.7340425531915,71,Higher
KUNGARREWARL,COMMUNITY,5.0,,,YES,TELSTRA,-12.34346,133.05617,False,False,True,1,Proximity to Cell,Very Remote Australia,False,14.07,MBSP5-NT-003,Cahills Crossing,Complete,True,Nathan,AU201415_17U,4.7,21,47,4,80.6,Narelle,2026-03-28 06:00:00+00:00,67.2872340425532,77.12765957446808,67.81914893617021,71,Higher
MINJILANG,COMMUNITY,234.0,YES,,,TELSTRA,-11.1507,132.578599999999,True,False,False,1,Macro Cell,Very Remote Australia,False,0.6,MBSP-NT-003,Minjilang,Complete,True,INGRID,AU200405_07U,5.3,25,46,5,5.3,Fina,2025-11-26 06:00:00+00:00,65.1595744680851,73.93617021276596,74.7340425531915,71,Higher
AURORA KAKADU,TOURISM,,,,YES,OPTUS,-12.676,132.48,False,False,True,1,Proximity to Cell,Remote Australia,False,58.87,MBSP5-NT-003,Cahills Crossing,Complete,False,BRUNO,AU198182_06U,3.4,22,43,5,133.3,Narelle,2026-03-28 06:00:00+00:00,72.07446808510637,66.22340425531915,74.7340425531915,71,Higher
VICTORIA RIVER ROADHOUSE,HIGHWAY,,,YES,,OPTUS,-15.616,131.127,False,True,False,1,Small Cell,Very Remote Australia,False,0.27,MBSP2-NT-014,Victoria River Roadhouse,Complete,True,Helen,AU200708_08U,0.7,13,26,1,76.6,Narelle,2026-03-28 06:00:00+00:00,93.35106382978722,55.85106382978723,56.64893617021277,71,Higher
DUNMARRA ROADHOUSE,HIGHWAY,,,YES,,OPTUS/TELSTRA,-16.679,133.412,False,True,False,1,Small Cell,Very Remote Australia,False,0.1,MBSP4-NT-004,Dunmurra Wayside Inn (PIP),Complete,True,noname,AU201314_09U,0.5,9,23,1,171.6,Mitchell,2026-02-10 12:00:00+00:00,95.47872340425532,53.72340425531915,56.64893617021277,71,Higher
PEPPIMENARTI,COMMUNITY,171.0,YES,,,TELSTRA,-14.1503,130.0763,True,False,False,1,Macro Cell,Very Remote Australia,False,127.5,MBSP2-NT-015,Wangi Falls,Complete,False,MONICA,AU200506_22U,7.0,21,50,2,108.7,Narelle,2026-03-28 06:00:00+00:00,58.24468085106383,86.96808510638297,64.09574468085107,70,Higher
NAUIYU,COMMUNITY,319.0,YES,,,TELSTRA,-13.7505399999999,130.688929999999,True,False,False,1,Macro Cell,Very Remote Australia,False,57.58,MBSP5-NT-008,Sandy Creek,Complete,False,DORIS-GLORIA,AU197980_14U,6.5,26,48,4,133.0,Narelle,2026-03-28 06:00:00+00:00,60.37234042553191,81.91489361702128,67.81914893617021,70,Higher
WOLLOGORANG,COMMUNITY,7.0,,YES,,TELSTRA,-17.218,137.989,False,True,False,1,Small Cell,Very Remote Australia,False,214.76,MBSP7-NT-002,King Ash Bay,In Progress,False,WARREN,AU199495_04U,8.6,18,45,9,58.4,Mitchell,2026-02-10 12:00:00+00:00,53.45744680851063,71.54255319148936,96.27659574468085,70,Higher
MYATT,COMMUNITY,75.0,,,YES,TELSTRA,-15.707,130.483,False,False,True,1,Proximity to Cell,Very Remote Australia,False,69.86,MBSP2-NT-014,Victoria River Roadhouse,Complete,False,Ellie,AU202223_06U,1.1,13,31,1,67.6,Narelle,2026-03-28 06:00:00+00:00,88.82978723404256,58.51063829787234,56.64893617021277,70,Higher
TIPPERARY STATION,HIGHWAY,,,YES,,TELSTRA,-13.734,131.041,False,True,False,1,Small Cell,Very Remote Australia,False,34.01,MBSP5-NT-012,Douglas Daly Holiday Park,Complete,False,LEAH,AU197273_08U,3.7,20,45,3,124.4,Narelle,2026-03-28 06:00:00+00:00,69.68085106382979,71.54255319148936,65.95744680851064,69,Higher
HUNTERS CAMP,COMMUNITY,5.0,,,YES,OPTUS/TELSTRA,-12.65,132.829,False,False,True,1,Proximity to Cell,Remote Australia,False,28.54,MBSP5-NT-003,Cahills Crossing,Complete,False,MONICA,AU200506_22U,5.4,22,44,5,119.6,Narelle,2026-03-28 06:00:00+00:00,64.36170212765957,68.61702127659575,74.7340425531915,68,Higher
NGUKURR,COMMUNITY,1003.0,YES,,,TELSTRA,-14.7317,134.7321,True,False,False,1,Macro Cell,Very Remote Australia,False,17.9,MBSP7-NT-005,Urapunga,In Progress,True,Helen,AU200708_08U,4.4,17,38,5,83.8,Narelle,2026-03-28 06:00:00+00:00,68.61702127659575,62.5,74.7340425531915,68,Higher
TOP SPRINGS ROADHOUSE,HIGHWAY,,,YES,,OPTUS/TELSTRA,-16.544,131.796,False,True,False,1,Small Cell,Very Remote Australia,False,123.01,MBSP2-NT-016,Lingara,Complete,False,WINSOME,AU200001_03U,1.1,11,23,1,194.6,Mitchell,2026-02-10 12:00:00+00:00,88.82978723404256,53.72340425531915,56.64893617021277,68,Higher
ALAMIRRA,COMMUNITY,5.0,,,YES,TELSTRA,-11.067,132.528,False,False,True,1,Proximity to Cell,Very Remote Australia,False,10.3,MBSP-NT-003,Minjilang,Complete,True,SID,AU199798_02U,8.9,26,45,6,14.4,Fina,2025-11-26 06:00:00+00:00,52.12765957446809,71.54255319148936,84.8404255319149,67,Higher
KYBROOK FARM,COMMUNITY,52.0,,,YES,TELSTRA,-13.8631599999999,131.821959999999,False,False,True,1,Proximity to Cell,Remote Australia,False,51.54,MBSP5-NT-012,Douglas Daly Holiday Park,Complete,False,PHIL,AU199697_06U,4.0,19,39,2,87.4,Narelle,2026-03-28 06:00:00+00:00,69.14893617021278,63.56382978723404,64.09574468085107,66,Moderate
ARMORRAN,COMMUNITY,8.0,,,YES,TELSTRA,-11.75575,133.38142,False,False,True,1,Proximity to Cell,Very Remote Australia,False,87.63,MBSP5-NT-003,Cahills Crossing,Complete,False,Megan,AU202324_09U,16.8,23,48,5,44.2,Fina,2025-11-26 06:00:00+00:00,40.42553191489361,81.91489361702128,74.7340425531915,64,Moderate
DJIRRBIYAK,COMMUNITY,30.0,,,YES,OPTUS/TELSTRA,-12.729,132.764,False,False,True,1,Proximity to Cell,Remote Australia,False,39.7,MBSP5-NT-003,Cahills Crossing,Complete,False,AU200203_01U,AU200203_01U,8.6,22,44,5,130.4,Narelle,2026-03-28 06:00:00+00:00,53.45744680851063,68.61702127659575,74.7340425531915,64,Moderate
DALY WATERS,VILLAGE,,YES,YES,,OPTUS/TELSTRA,-16.2533299999999,133.36932,True,True,False,2,Macro Cell + Small Cell,Very Remote Australia,False,47.63,MBSP4-NT-004,Dunmurra Wayside Inn (PIP),Complete,False,noname,AU201314_09U,2.9,11,23,1,188.7,Mitchell,2026-02-10 12:00:00+00:00,75.0,53.72340425531915,56.64893617021277,63,Moderate
KALKARINDJI,COMMUNITY,311.0,YES,,,TELSTRA,-17.4467499999999,130.83212,True,False,False,1,Macro Cell,Very Remote Australia,False,108.59,MBSP2-NT-016,Lingara,Complete,False,noname,AU201314_09U,0.3,11,21,0,262.4,Mitchell,2026-02-10 12:00:00+00:00,97.3404255319149,50.797872340425535,25.53191489361702,63,Moderate
BINJARI,COMMUNITY,240.0,,,YES,OPTUS/TELSTRA,-14.5502,132.1815,False,False,True,1,Proximity to Cell,Remote Australia,False,41.38,MBSP4-NT-005,Edith Falls (PIP),Complete,False,DEBBIE,AU200304_02U,5.3,15,36,1,4.3,Narelle,2026-03-28 06:00:00+00:00,65.1595744680851,61.43617021276596,56.64893617021277,62,Moderate
BULLA,COMMUNITY,73.0,YES,,,TELSTRA,-15.765,130.039,True,False,False,1,Macro Cell,Very Remote Australia,False,99.84,MBSP5-NT-005,Keep River NP 1,Complete,False,JIM,AU198384_18U,5.1,16,34,1,61.1,Narelle,2026-03-28 06:00:00+00:00,66.48936170212765,60.37234042553191,56.64893617021277,62,Moderate
MARY RIVER ROADHOUSE,TOURISM,,,YES,,OPTUS/TELSTRA,-13.605,132.219,False,True,False,1,Small Cell,Remote Australia,False,0.17,MBSP2-NT-012,Mary River Roadhouse,Complete,True,DORIS-GLORIA,AU197980_14U,6.4,21,41,1,102.4,Narelle,2026-03-28 06:00:00+00:00,61.170212765957444,64.36170212765957,56.64893617021277,61,Moderate
BESWICK,COMMUNITY,542.0,YES,,,TELSTRA,-14.5548,133.1142,True,False,False,1,Macro Cell,Very Remote Australia,False,45.87,MBSP5-NT-001,12 Mile Campground,Complete,False,Lam,AU201415_13U,5.2,16,32,1,24.9,Narelle,2026-03-28 06:00:00+00:00,65.95744680851064,59.57446808510638,56.64893617021277,61,Moderate
MINYERRI,COMMUNITY,603.0,YES,,,TELSTRA,-15.2216,134.082099999999,True,False,False,1,Macro Cell,Very Remote Australia,False,77.18,MBSP7-NT-005,Urapunga,In Progress,False,WINSOME,AU200001_03U,8.8,13,31,5,125.4,Narelle,2026-03-28 06:00:00+00:00,52.659574468085104,58.51063829787234,74.7340425531915,60,Moderate
ROCKHOLE,COMMUNITY,145.0,,,YES,OPTUS/TELSTRA,-14.51935,132.18633,False,False,True,1,Proximity to Cell,Remote Australia,False,37.94,MBSP4-NT-005,Edith Falls (PIP),Complete,False,DEBBIE,AU200304_02U,7.3,14,36,1,7.4,Narelle,2026-03-28 06:00:00+00:00,57.446808510638306,61.43617021276596,56.64893617021277,59,Moderate
MANYALLALUK,COMMUNITY,97.0,YES,,,TELSTRA,-14.2664899999999,132.827969999999,True,False,False,1,Macro Cell,Very Remote Australia,False,69.85,MBSP4-NT-005,Edith Falls (PIP),Complete,False,AU200203_01U,AU200203_01U,9.7,19,38,1,14.2,Narelle,2026-03-28 06:00:00+00:00,50.26595744680851,62.5,56.64893617021277,56,Moderate
LARRIMAH,HIGHWAY,,,YES,,OPTUS,-15.574,133.215,False,True,False,1,Small Cell,Very Remote Australia,False,0.02,MBSP4-NT-007,Larrimah (PIP),Complete,True,AU200203_01U,AU200203_01U,7.4,13,24,1,135.2,Narelle,2026-03-28 06:00:00+00:00,56.91489361702128,55.053191489361694,56.64893617021277,56,Moderate
BARUNGA,COMMUNITY,337.0,YES,,,TELSTRA,-14.5236299999999,132.86668,True,False,False,1,Macro Cell,Very Remote Australia,False,61.19,MBSP5-NT-001,12 Mile Campground,Complete,False,AU200203_01U,AU200203_01U,15.1,17,34,1,14.0,Narelle,2026-03-28 06:00:00+00:00,43.351063829787236,60.37234042553191,56.64893617021277,53,Moderate
DAGURAGU,COMMUNITY,195.0,,,YES,TELSTRA,-17.4005899999999,130.80491,False,False,True,1,Proximity to Cell,Very Remote Australia,False,103.03,MBSP2-NT-016,Lingara,Complete,False,noname,AU201314_09U,3.6,11,22,0,256.7,Mitchell,2026-02-10 12:00:00+00:00,70.47872340425532,52.3936170212766,25.53191489361702,53,Moderate
WYCLIFFE WELL,HIGHWAY,,,YES,,OPTUS,-20.795,134.236,False,True,False,1,Small Cell,Very Remote Australia,False,17.19,MBSP2-NT-006,Devils Marbles Hotel,Complete,True,Ellie,AU202223_06U,2.3,5,7,0,439.4,Ellie,2023-01-08 06:00:00+00:00,77.6595744680851,44.680851063829785,25.53191489361702,53,Moderate
ALPURRURULAM,COMMUNITY,350.0,YES,,,TELSTRA,-20.9841699999999,137.847489999999,True,False,False,1,Macro Cell,Very Remote Australia,False,144.04,MBSP4-NT-010,Tobermorey (PIP),Complete,False,Trevor,AU201819_20U,1.9,2,5,0,375.5,Kirrily,2024-02-05 06:00:00+00:00,80.0531914893617,41.48936170212766,25.53191489361702,53,Moderate
MATARANKA,VILLAGE,384.0,YES,YES,,OPTUS/TELSTRA,-14.9243499999999,133.067949999999,True,True,False,2,Macro Cell + Small Cell,Very Remote Australia,False,16.77,MBSP5-NT-001,12 Mile Campground,Complete,True,STEVE,AU199900_06U,12.6,13,29,1,62.3,Narelle,2026-03-28 06:00:00+00:00,45.744680851063826,56.38297872340425,56.64893617021277,52,Moderate
ELLIOTT,VILLAGE,244.0,YES,YES,,OPTUS/TELSTRA,-17.5527,133.5408,True,True,False,2,Macro Cell + Small Cell,Very Remote Australia,False,89.22,MBSP7-NT-004,Renner Springs,In Progress,False,EDDIE,AU198081_08U,12.0,12,21,1,171.4,Mitchell,2026-02-10 12:00:00+00:00,46.54255319148936,50.797872340425535,56.64893617021277,51,Moderate
MARLINJA,COMMUNITY,36.0,,,YES,TELSTRA,-17.37111,133.40305,False,False,True,1,Proximity to Cell,Very Remote Australia,False,76.89,MBSP4-NT-004,Dunmurra Wayside Inn (PIP),Complete,False,EDDIE,AU198081_08U,11.5,14,21,1,178.1,Mitchell,2026-02-10 12:00:00+00:00,47.87234042553192,50.797872340425535,56.64893617021277,51,Moderate
NEWCASTLE WATERS,HIGHWAY,,,YES,,TELSTRA,-17.37,133.409,False,True,False,1,Small Cell,Very Remote Australia,False,76.77,MBSP4-NT-004,Dunmurra Wayside Inn (PIP),Complete,False,EDDIE,AU198081_08U,11.4,14,21,1,177.4,Mitchell,2026-02-10 12:00:00+00:00,48.40425531914894,50.797872340425535,56.64893617021277,51,Moderate
LUL-TJU,COMMUNITY,5.0,,,YES,TELSTRA,-18.37671,130.59313,False,False,True,1,Proximity to Cell,Very Remote Australia,False,210.2,MBSP2-NT-016,Lingara,Complete,False,Ellie,AU202223_06U,4.6,8,17,0,354.7,Mitchell,2026-02-10 12:00:00+00:00,68.08510638297872,48.93617021276596,25.53191489361702,51,Moderate
YARRALIN,COMMUNITY,250.0,YES,,,TELSTRA,-16.4484099999999,130.88279,True,False,False,1,Macro Cell,Very Remote Australia,False,25.86,MBSP2-NT-016,Lingara,Complete,False,ENID,AU197980_10U,16.5,12,24,1,157.7,Mitchell,2026-02-10 12:00:00+00:00,40.95744680851064,55.053191489361694,56.64893617021277,50,Moderate
YARTALU YARTALU,COMMUNITY,7.0,,,YES,TELSTRA,-20.573,130.355,False,False,True,1,Proximity to Cell,Very Remote Australia,False,312.98,MBSP-NT-004,Mt Liebig,Complete,False,SAM,AU200001_01U,8.0,3,8,0,583.2,Ellie,2023-01-08 06:00:00+00:00,55.319148936170215,45.744680851063826,25.53191489361702,45,Moderate
BRUMBY PLAINS,COMMUNITY,5.0,,YES,,TELSTRA,-17.053,129.01,False,True,False,1,Small Cell,Very Remote Australia,False,129.37,MBSP5-NT-006,Keep River NP 2,Complete,False,Mitchell,AU202526_21U,38.8,7,22,1,169.5,Mitchell,2026-02-10 12:00:00+00:00,28.191489361702125,52.3936170212766,56.64893617021277,44,Moderate
LAJAMANU,COMMUNITY,605.0,YES,,,TELSTRA,-18.3358399999999,130.638339999999,True,False,False,1,Macro Cell,Very Remote Australia,False,205.59,MBSP2-NT-016,Lingara,Complete,False,EDDIE,AU198081_08U,9.4,9,16,0,351.6,Mitchell,2026-02-10 12:00:00+00:00,51.06382978723404,48.40425531914894,25.53191489361702,44,Moderate
ALI CURUNG,COMMUNITY,394.0,YES,,,TELSTRA,-21.0033299999999,134.406939999999,True,False,False,1,Macro Cell,Very Remote Australia,False,25.21,MBSP7-NT-003,Murray Downs (Imangara),In Progress,False,Ellie,AU202223_06U,9.7,5,6,0,459.4,Ellie,2023-01-08 06:00:00+00:00,50.26595744680851,43.08510638297872,25.53191489361702,42,Moderate
THREEWAYS ROADHOUSE,HIGHWAY,,,YES,,OPTUS,-19.436,134.208,False,True,False,1,Small Cell,Very Remote Australia,False,74.0,MBSP7-NT-001,Banka Banka,In Progress,False,ALAN,AU197576_08U,15.1,6,13,0,293.0,Megan,2024-03-21 06:00:00+00:00,43.351063829787236,47.340425531914896,25.53191489361702,40,Moderate
WAKURLPU,COMMUNITY,10.0,,,YES,TELSTRA,-20.632,134.217,False,False,True,1,Proximity to Cell,Very Remote Australia,False,1.15,MBSP2-NT-006,Devils Marbles Hotel,Complete,True,SAM,AU200001_01U,14.6,6,7,0,421.9,Ellie,2023-01-08 06:00:00+00:00,44.148936170212764,44.680851063829785,25.53191489361702,40,Moderate
DEVILS MARBLES HOTEL,TOURISM,,,YES,,OPTUS,-20.641,134.223,False,True,False,1,Small Cell,Very Remote Australia,False,0.03,MBSP2-NT-006,Devils Marbles Hotel,Complete,True,SAM,AU200001_01U,15.6,6,7,0,422.8,Ellie,2023-01-08 06:00:00+00:00,42.02127659574468,44.680851063829785,25.53191489361702,39,Moderate
TILMOUTH WELL ROADHOUSE,HIGHWAY,,,YES,,TELSTRA,-22.809,132.599,False,True,False,1,Small Cell,Very Remote Australia,False,86.87,MBSP5-NT-007,Redbank Gorge,Complete,False,GRETA,AU197879_02U,5.9,1,2,0,702.8,GRETA,1979-01-16 06:00:00+00:00,63.03191489361703,20.47872340425532,25.53191489361702,39,Moderate
HINGSTONS PLACE,COMMUNITY,7.0,,,YES,OPTUS/TELSTRA,-19.61773,134.19703,False,False,True,1,Proximity to Cell,Very Remote Australia,False,93.47,MBSP7-NT-001,Banka Banka,In Progress,False,Ellie,AU202223_06U,20.0,7,13,0,312.7,Megan,2024-03-21 06:00:00+00:00,38.03191489361702,47.340425531914896,25.53191489361702,38,Moderate
PAYEPERRENTYE (B),COMMUNITY,9.0,,,YES,OPTUS/TELSTRA,-23.771,133.556,False,False,True,1,Proximity to Cell,Remote Australia,False,49.06,MBSP4-NT-006,Ellery Creek Big Hole (PIP),Complete,False,GRETA,AU197879_02U,6.5,1,2,0,778.9,GRETA,1979-01-16 06:00:00+00:00,60.37234042553191,20.47872340425532,25.53191489361702,38,Moderate
RENNER SPRINGS ROADHOUSE,HIGHWAY,,,YES,,OPTUS,-18.318,133.795,False,True,False,1,Small Cell,Very Remote Australia,False,0.03,MBSP7-NT-004,Renner Springs,In Progress,True,FRITZ,AU200304_04U,25.7,8,19,0,202.4,Mitchell,2026-02-10 12:00:00+00:00,31.382978723404253,49.46808510638298,25.53191489361702,36,Moderate
ATITJERE,COMMUNITY,157.0,YES,,,TELSTRA,-22.9843,134.9341,True,False,False,1,Macro Cell,Very Remote Australia,False,58.21,MBSP4-NT-001,Arltunga Vc (PIP),Complete,False,ALAN,AU197576_08U,13.7,1,3,0,676.3,Ellie,2023-01-08 06:00:00+00:00,44.680851063829785,33.77659574468085,25.53191489361702,36,Moderate
WIITIN,COMMUNITY,10.0,,,YES,OPTUS/TELSTRA,-19.545,134.237,False,False,True,1,Proximity to Cell,Very Remote Australia,False,86.5,MBSP7-NT-001,Banka Banka,In Progress,False,ALAN,AU197576_08U,27.2,6,13,0,303.8,Megan,2024-03-21 06:00:00+00:00,29.78723404255319,47.340425531914896,25.53191489361702,35,Moderate
KALTUKATJARA,COMMUNITY,195.0,YES,,,TELSTRA,-24.87611,129.07916,True,False,False,1,Macro Cell,Very Remote Australia,False,255.62,MBSP2-NT-009,Kings Canyon Resort,Complete,False,GERTIE,AU199596_04U,22.6,2,5,0,747.5,Tiffany,2022-01-17 06:00:00+00:00,34.04255319148936,41.48936170212766,25.53191489361702,35,Moderate
WATARU,COMMUNITY,5.0,,,YES,TELSTRA,-24.859,129.059,False,False,True,1,Proximity to Cell,Very Remote Australia,False,257.1,MBSP2-NT-009,Kings Canyon Resort,Complete,False,GERTIE,AU199596_04U,21.4,2,5,0,744.8,Tiffany,2022-01-17 06:00:00+00:00,35.638297872340424,41.48936170212766,25.53191489361702,35,Moderate
KWALE KWALE,COMMUNITY,25.0,,,YES,OPTUS/TELSTRA,-23.76972,133.57451,False,False,True,1,Proximity to Cell,Remote Australia,False,50.95,MBSP4-NT-006,Ellery Creek Big Hole (PIP),Complete,False,GRETA,AU197879_02U,8.2,1,2,0,778.4,GRETA,1979-01-16 06:00:00+00:00,54.52127659574468,20.47872340425532,25.53191489361702,35,Moderate
BARROW CREEK,HIGHWAY,,YES,YES,,OPTUS/TELSTRA,-21.531,133.889,True,True,False,2,Macro Cell + Small Cell,Very Remote Australia,False,11.44,MBSP5-NT-011,Tara Community,Complete,True,ALAN,AU197576_08U,25.0,2,6,0,527.0,Ellie,2023-01-08 06:00:00+00:00,31.914893617021278,43.08510638297872,25.53191489361702,34,Moderate
JEMELKE,COMMUNITY,8.0,,,YES,OPTUS/TELSTRA,-21.53389,133.87473,False,False,True,1,Proximity to Cell,Very Remote Australia,False,12.95,MBSP5-NT-011,Tara Community,Complete,True,ALAN,AU197576_08U,26.5,2,6,0,527.7,Ellie,2023-01-08 06:00:00+00:00,30.319148936170215,43.08510638297872,25.53191489361702,34,Moderate
ENGAWALA,COMMUNITY,146.0,,YES,,TELSTRA,-22.8025699999999,134.455469999999,False,True,False,1,Small Cell,Very Remote Australia,False,28.67,MBSP2-NT-008,Gem Tree,Complete,False,ALAN,AU197576_08U,21.2,1,3,0,658.5,Ellie,2023-01-08 06:00:00+00:00,36.17021276595745,33.77659574468085,25.53191489361702,33,Lower
ITEYEPINTYE,COMMUNITY,21.0,,,YES,TELSTRA,-23.76466,133.59994,False,False,True,1,Proximity to Cell,Remote Australia,False,53.56,MBSP4-NT-006,Ellery Creek Big Hole (PIP),Complete,False,GRETA,AU197879_02U,10.8,1,2,0,777.3,GRETA,1979-01-16 06:00:00+00:00,49.46808510638298,20.47872340425532,25.53191489361702,33,Lower
ARRILLHJERE,COMMUNITY,5.0,,,YES,TELSTRA,-23.77981,133.62608,False,False,True,1,Proximity to Cell,Remote Australia,False,56.16,MBSP4-NT-006,Ellery Creek Big Hole (PIP),Complete,False,GRETA,AU197879_02U,12.9,1,2,0,778.5,GRETA,1979-01-16 06:00:00+00:00,45.21276595744681,20.47872340425532,25.53191489361702,32,Lower
ELITJIA,COMMUNITY,13.0,,,YES,OPTUS/TELSTRA,-23.77677,133.61583,False,False,True,1,Proximity to Cell,Remote Australia,False,55.13,MBSP4-NT-006,Ellery Creek Big Hole (PIP),Complete,False,GRETA,AU197879_02U,12.0,1,2,0,778.3,GRETA,1979-01-16 06:00:00+00:00,46.54255319148936,20.47872340425532,25.53191489361702,32,Lower
ITPERLYENGE,COMMUNITY,11.0,,,YES,TELSTRA,-23.76361,133.61103,False,False,True,1,Proximity to Cell,Remote Australia,False,54.69,MBSP4-NT-006,Ellery Creek Big Hole (PIP),Complete,False,GRETA,AU197879_02U,11.9,1,2,0,777.0,GRETA,1979-01-16 06:00:00+00:00,47.340425531914896,20.47872340425532,25.53191489361702,32,Lower
DONS BORE,COMMUNITY,8.0,,,YES,TELSTRA,-22.26233,131.92027,False,False,True,1,Proximity to Cell,Very Remote Australia,False,128.52,MBSP-NT-004,Mt Liebig,Complete,False,GRETA,AU197879_02U,33.6,1,4,0,677.0,Ilsa,2023-04-15 00:00:00+00:00,28.723404255319153,38.03191489361702,25.53191489361702,31,Lower
PERTE THERRE,COMMUNITY,18.0,,,YES,OPTUS/TELSTRA,-23.758,133.646,False,False,True,1,Proximity to Cell,Remote Australia,False,58.28,MBSP4-NT-006,Ellery Creek Big Hole (PIP),Complete,False,GRETA,AU197879_02U,15.5,1,2,0,775.7,GRETA,1979-01-16 06:00:00+00:00,42.5531914893617,20.47872340425532,25.53191489361702,31,Lower
ARLPARRA,COMMUNITY,59.0,YES,,,TELSTRA,-22.0877899999999,134.77476,True,False,False,1,Macro Cell,Very Remote Australia,False,102.81,MBSP7-NT-003,Murray Downs (Imangara),In Progress,False,ALAN,AU197576_08U,44.0,1,4,0,576.6,Ellie,2023-01-08 06:00:00+00:00,26.329787234042552,38.03191489361702,25.53191489361702,30,Lower
YUENDUMU,COMMUNITY,617.0,YES,,,TELSTRA,-22.2538899999999,131.795289999999,True,False,False,1,Macro Cell,Very Remote Australia,False,123.29,MBSP-NT-004,Mt Liebig,Complete,False,GRETA,AU197879_02U,44.0,1,4,0,682.5,Ilsa,2023-04-15 00:00:00+00:00,26.329787234042552,38.03191489361702,25.53191489361702,30,Lower
ITCHY KOO PARK,COMMUNITY,36.0,,,YES,OPTUS/TELSTRA,-23.76667,133.65816,False,False,True,1,Proximity to Cell,Remote Australia,False,59.47,MBSP4-NT-006,Ellery Creek Big Hole (PIP),Complete,False,GRETA,AU197879_02U,16.4,1,2,0,776.4,GRETA,1979-01-16 06:00:00+00:00,41.48936170212766,20.47872340425532,25.53191489361702,30,Lower
ATNARARA,COMMUNITY,53.0,,,YES,TELSTRA,-22.02622,134.78721,False,False,True,1,Proximity to Cell,Very Remote Australia,False,97.01,MBSP7-NT-003,Murray Downs (Imangara),In Progress,False,ALAN,AU197576_08U,48.2,1,4,0,569.7,Ellie,2023-01-08 06:00:00+00:00,23.93617021276596,38.03191489361702,25.53191489361702,29,Lower
INKWELAYE,COMMUNITY,30.0,,,YES,TELSTRA,-22.07951,134.83153,False,False,True,1,Proximity to Cell,Very Remote Australia,False,104.3,MBSP7-NT-003,Murray Downs (Imangara),In Progress,False,ALAN,AU197576_08U,49.6,1,4,0,575.5,Ellie,2023-01-08 06:00:00+00:00,22.340425531914892,38.03191489361702,25.53191489361702,29,Lower
KINTORE,COMMUNITY,381.0,YES,,,TELSTRA,-23.27591,129.387249999999,True,False,False,1,Macro Cell,Very Remote Australia,False,193.1,MBSP-NT-004,Mt Liebig,Complete,False,JANE,AU198283_01U,46.5,2,4,0,638.8,Ilsa,2023-04-15 00:00:00+00:00,24.46808510638298,38.03191489361702,25.53191489361702,29,Lower
IRRILTYERE (B),COMMUNITY,8.0,,,YES,OPTUS/TELSTRA,-23.76105,133.68564,False,False,True,1,Proximity to Cell,Remote Australia,False,62.29,MBSP4-NT-006,Ellery Creek Big Hole (PIP),Complete,False,GRETA,AU197879_02U,19.2,1,2,0,775.3,GRETA,1979-01-16 06:00:00+00:00,38.82978723404255,20.47872340425532,25.53191489361702,29,Lower
MUTITJULU,COMMUNITY,426.0,YES,,YES,OPTUS/TELSTRA,-25.3523,131.066699999999,True,False,True,2,Macro Cell + Proximity to Cell,Very Remote Australia,False,129.73,MBSP2-NT-010,Kings Creek Station,Complete,False,GERTIE,AU199596_04U,17.8,1,2,0,919.9,Tiffany,2022-01-17 06:00:00+00:00,39.62765957446808,20.47872340425532,25.53191489361702,29,Lower
TYWENPE (C),COMMUNITY,36.0,,,YES,OPTUS/TELSTRA,-23.74426,133.68787,False,False,True,1,Proximity to Cell,Remote Australia,False,62.64,MBSP4-NT-006,Ellery Creek Big Hole (PIP),Complete,False,GRETA,AU197879_02U,20.0,1,2,0,773.4,GRETA,1979-01-16 06:00:00+00:00,38.03191489361702,20.47872340425532,25.53191489361702,29,Lower
TYWENPE (D),COMMUNITY,7.0,,,YES,OPTUS/TELSTRA,-23.7648,133.67226,False,False,True,1,Proximity to Cell,Remote Australia,False,60.91,MBSP4-NT-006,Ellery Creek Big Hole (PIP),Complete,False,GRETA,AU197879_02U,17.8,1,2,0,776.0,GRETA,1979-01-16 06:00:00+00:00,39.62765957446808,20.47872340425532,25.53191489361702,29,Lower
IRRILTYERE (A),COMMUNITY,7.0,,,YES,OPTUS/TELSTRA,-23.75129,133.69467,False,False,True,1,Proximity to Cell,Remote Australia,False,63.27,MBSP4-NT-006,Ellery Creek Big Hole (PIP),Complete,False,GRETA,AU197879_02U,20.4,1,2,0,774.1,GRETA,1979-01-16 06:00:00+00:00,37.234042553191486,20.47872340425532,25.53191489361702,28,Lower
TWETYE (A),COMMUNITY,13.0,,,YES,TELSTRA,-23.74034,133.70539,False,False,True,1,Proximity to Cell,Remote Australia,False,64.45,MBSP4-NT-006,Ellery Creek Big Hole (PIP),Complete,False,GRETA,AU197879_02U,21.8,1,2,0,772.7,GRETA,1979-01-16 06:00:00+00:00,35.1063829787234,20.47872340425532,25.53191489361702,28,Lower
TWETYE (B),COMMUNITY,26.0,,,YES,TELSTRA,-23.74292,133.69633,False,False,True,1,Proximity to Cell,Remote Australia,False,63.51,MBSP4-NT-006,Ellery Creek Big Hole (PIP),Complete,False,GRETA,AU197879_02U,20.8,1,2,0,773.1,GRETA,1979-01-16 06:00:00+00:00,36.702127659574465,20.47872340425532,25.53191489361702,28,Lower
AMPILATWATJA,COMMUNITY,439.0,YES,,,TELSTRA,-21.6566399999999,135.225089999999,True,False,False,1,Macro Cell,Very Remote Australia,False,97.36,MBSP7-NT-003,Murray Downs (Imangara),In Progress,False,Ellie,AU202223_06U,55.3,2,4,0,528.6,Ellie,2023-01-08 06:00:00+00:00,19.148936170212767,38.03191489361702,25.53191489361702,27,Lower
ANGATYEPE,COMMUNITY,13.0,,,YES,TELSTRA,-23.745,133.7275,False,False,True,1,Proximity to Cell,Remote Australia,False,64.8,MBSP4-NT-013,Rainbow Valley,Complete,False,GRETA,AU197879_02U,23.8,1,2,0,772.8,GRETA,1979-01-16 06:00:00+00:00,32.97872340425532,20.47872340425532,25.53191489361702,27,Lower
INBINA ATWATYE,COMMUNITY,10.0,,,YES,TELSTRA,-23.741,133.713,False,False,True,1,Proximity to Cell,Remote Australia,False,65.04,MBSP4-NT-013,Rainbow Valley,Complete,False,GRETA,AU197879_02U,22.5,1,2,0,772.6,GRETA,1979-01-16 06:00:00+00:00,34.57446808510639,20.47872340425532,25.53191489361702,27,Lower
TNERTE,COMMUNITY,15.0,,,YES,TELSTRA,-23.747,133.72,False,False,True,1,Proximity to Cell,Remote Australia,False,64.47,MBSP4-NT-013,Rainbow Valley,Complete,False,GRETA,AU197879_02U,23.0,1,2,0,773.1,GRETA,1979-01-16 06:00:00+00:00,33.51063829787234,20.47872340425532,25.53191489361702,27,Lower
TYWENPE (A),COMMUNITY,17.0,,,YES,OPTUS/TELSTRA,-23.72634,133.72928,False,False,True,1,Proximity to Cell,Remote Australia,False,66.88,MBSP4-NT-013,Rainbow Valley,Complete,False,GRETA,AU197879_02U,24.6,1,2,0,770.7,GRETA,1979-01-16 06:00:00+00:00,32.4468085106383,20.47872340425532,25.53191489361702,27,Lower
YULARA,TOURISM,,YES,,,TELSTRA,-25.2413299999999,130.98766,True,False,False,1,Macro Cell,Very Remote Australia,False,122.17,MBSP2-NT-009,Kings Canyon Resort,Complete,False,GERTIE,AU199596_04U,26.3,1,2,0,905.6,Tiffany,2022-01-17 06:00:00+00:00,30.851063829787233,20.47872340425532,25.53191489361702,26,Lower
MOUNT TWELLAR,COMMUNITY,17.0,,,YES,TELSTRA,-23.54198,133.62279,False,False,True,1,Proximity to Cell,Remote Australia,False,62.21,MBSP4-NT-006,Ellery Creek Big Hole (PIP),Complete,False,GRETA,AU197879_02U,30.6,1,2,0,752.4,GRETA,1979-01-16 06:00:00+00:00,29.25531914893617,20.47872340425532,25.53191489361702,25,Lower
WUNARA,COMMUNITY,5.0,,YES,,TELSTRA,-19.989,136.618,False,True,False,1,Small Cell,Very Remote Australia,False,252.95,MBSP4-NT-003,Devils Marbles (PIP),Complete,False,ALAN,AU197576_08U,100.2,0,10,0,375.4,Kirrily,2024-02-05 06:00:00+00:00,3.1914893617021276,46.27659574468085,25.53191489361702,24,Lower
AMOONGUNA,COMMUNITY,229.0,,,YES,OPTUS/TELSTRA,-23.76632,133.93599,False,False,True,1,Proximity to Cell,Remote Australia,False,54.22,MBSP4-NT-011,Trephina Gorge East (PIP),Complete,False,GRETA,AU197879_02U,44.1,1,2,0,771.7,GRETA,1979-01-16 06:00:00+00:00,25.53191489361702,20.47872340425532,25.53191489361702,24,Lower
KULGERA,HIGHWAY,,,YES,,OPTUS/TELSTRA,-25.84084,133.300479999999,False,True,False,1,Small Cell,Very Remote Australia,False,107.93,MBSP-NT-002,Imanpa,Complete,False,GERTIE,AU199596_04U,45.4,1,2,0,1011.4,GERTIE,1995-12-24 13:00:00+00:00,25.0,20.47872340425532,25.53191489361702,24,Lower
ROSS RIVER RESORT,TOURISM,,,YES,,OPTUS,-23.591,134.49,False,True,False,1,Small Cell,Remote Australia,False,12.16,MBSP4-NT-011,Trephina Gorge East (PIP),Complete,True,ALAN,AU197576_08U,43.7,1,2,0,746.1,GRETA,1979-01-16 06:00:00+00:00,27.127659574468083,20.47872340425532,25.53191489361702,24,Lower
CURTAIN SPRINGS ROADHOUSE,HIGHWAY,,,YES,,OPTUS/TELSTRA,-25.314,131.756,False,True,False,1,Small Cell,Very Remote Australia,False,84.36,MBSP-NT-002,Imanpa,Complete,False,GERTIE,AU199596_04U,48.4,1,2,0,967.9,Tiffany,2022-01-17 06:00:00+00:00,23.404255319148938,20.47872340425532,25.53191489361702,23,Lower
GEM TREE PARK,TOURISM,,,YES,,OPTUS,-22.968,134.243,False,True,False,1,Small Cell,Very Remote Australia,False,0.19,MBSP2-NT-008,Gem Tree,Complete,True,ALAN,AU197576_08U,48.8,1,2,0,679.1,GRETA,1979-01-16 06:00:00+00:00,22.872340425531913,20.47872340425532,25.53191489361702,23,Lower
NTURIYA,COMMUNITY,66.0,,,YES,TELSTRA,-22.12379,133.265289999999,False,False,True,1,Proximity to Cell,Very Remote Australia,False,101.95,MBSP5-NT-011,Tara Community,Complete,False,GRETA,AU197879_02U,92.0,1,4,0,607.9,Ellie,2023-01-08 06:00:00+00:00,5.319148936170213,38.03191489361702,25.53191489361702,22,Lower
PMARA JUTUNTA,COMMUNITY,144.0,YES,,,TELSTRA,-22.2087799999999,133.430729999999,True,False,False,1,Macro Cell,Very Remote Australia,False,97.41,MBSP5-NT-011,Tara Community,Complete,False,ALAN,AU197576_08U,89.4,1,4,0,612.0,Ellie,2023-01-08 06:00:00+00:00,6.382978723404255,38.03191489361702,25.53191489361702,22,Lower
TI TREE,VILLAGE,49.0,YES,,,OPTUS/TELSTRA,-22.1279,133.4171,True,False,False,1,Macro Cell,Very Remote Australia,False,91.3,MBSP5-NT-011,Tara Community,Complete,False,ALAN,AU197576_08U,88.8,1,4,0,603.8,Ellie,2023-01-08 06:00:00+00:00,6.914893617021277,38.03191489361702,25.53191489361702,22,Lower
TITJIKALA,COMMUNITY,186.0,YES,,,TELSTRA,-24.67389,134.075839999999,True,False,False,1,Macro Cell,Remote Australia,False,33.7,MBSP4-NT-002,Chambers Pillar (PIP),Complete,False,ALAN,AU197576_08U,67.4,1,3,0,870.7,GERTIE,1995-12-24 13:00:00+00:00,10.638297872340425,33.77659574468085,25.53191489361702,22,Lower
WALLACE ROCKHOLE,COMMUNITY,82.0,YES,,,TELSTRA,-24.1245,133.086299999999,True,False,False,1,Macro Cell,Very Remote Australia,False,0.13,MBSP-NT-005,Wallace Rockhole,Complete,True,GRETA,AU197879_02U,54.0,1,2,0,828.0,GRETA,1979-01-16 06:00:00+00:00,19.680851063829788,20.47872340425532,25.53191489361702,21,Lower
PHILLIPSON BORE,COMMUNITY,5.0,,,YES,TELSTRA,-24.096,134.43,False,False,True,1,Proximity to Cell,Remote Australia,False,63.86,MBSP4-NT-011,Trephina Gorge East (PIP),Complete,False,ALAN,AU197576_08U,60.3,2,2,0,802.9,GRETA,1979-01-16 06:00:00+00:00,15.425531914893616,20.47872340425532,25.53191489361702,20,Lower
STUARTS WELL ROADHOUSE,HIGHWAY,,,YES,,OPTUS/TELSTRA,-24.339,133.458,False,True,False,1,Small Cell,Remote Australia,False,0.14,MBSP2-NT-013,Stuarts Well Roadhouse,Complete,True,GRETA,AU197879_02U,60.5,1,2,0,843.2,GRETA,1979-01-16 06:00:00+00:00,14.893617021276595,20.47872340425532,25.53191489361702,20,Lower
ERLDUNDA,HIGHWAY,,YES,YES,,OPTUS/TELSTRA,-25.197,133.2,True,True,False,2,Macro Cell + Small Cell,Very Remote Australia,False,63.92,MBSP-NT-002,Imanpa,Complete,False,GERTIE,AU199596_04U,110.3,0,3,0,942.5,GERTIE,1995-12-24 13:00:00+00:00,2.6595744680851063,33.77659574468085,25.53191489361702,19,Lower
KINGS CANYON RESORT,TOURISM,,,YES,,OPTUS/TELSTRA,-24.248,131.512,False,True,False,1,Small Cell,Very Remote Australia,False,0.34,MBSP2-NT-009,Kings Canyon Resort,Complete,True,GERTIE,AU199596_04U,149.2,0,3,0,874.8,Ilsa,2023-04-15 00:00:00+00:00,1.0638297872340425,33.77659574468085,25.53191489361702,19,Lower
ORMISTON RANGER STATION,TOURISM,,,YES,,OPTUS,-23.633,132.728,False,True,False,1,Small Cell,Very Remote Australia,False,22.45,MBSP5-NT-007,Redbank Gorge,Complete,False,GRETA,AU197879_02U,42.6,1,1,0,785.2,GRETA,1979-01-16 06:00:00+00:00,27.659574468085108,4.521276595744681,25.53191489361702,19,Lower
ULPANYALI,COMMUNITY,19.0,,,YES,TELSTRA,-24.23091,131.50075,False,False,True,1,Proximity to Cell,Very Remote Australia,False,2.49,MBSP2-NT-009,Kings Canyon Resort,Complete,True,GERTIE,AU199596_04U,150.5,0,3,0,872.8,Ilsa,2023-04-15 00:00:00+00:00,0.5319148936170213,33.77659574468085,25.53191489361702,18,Lower
AILERON STATION,HIGHWAY,,,,YES,OPTUS/TELSTRA,-22.5,133.245,False,False,True,1,Proximity to Cell,Very Remote Australia,False,114.68,MBSP2-NT-008,Gem Tree,Complete,False,GRETA,AU197879_02U,68.3,1,2,0,648.6,GRETA,1979-01-16 06:00:00+00:00,10.106382978723403,20.47872340425532,25.53191489361702,18,Lower
SANTA TERESA,COMMUNITY,561.0,YES,,,TELSTRA,-24.1307,134.3733,True,False,False,1,Macro Cell,Remote Australia,False,67.67,MBSP4-NT-011,Trephina Gorge East (PIP),Complete,False,ALAN,AU197576_08U,66.6,2,2,0,807.2,GRETA,1979-01-16 06:00:00+00:00,11.170212765957446,20.47872340425532,25.53191489361702,18,Lower
UNDOOLYA BORE,COMMUNITY,16.0,,,YES,TELSTRA,-23.748,134.118,False,False,True,1,Proximity to Cell,Remote Australia,False,37.9,MBSP4-NT-011,Trephina Gorge East (PIP),Complete,False,GRETA,AU197879_02U,62.6,2,2,0,767.2,GRETA,1979-01-16 06:00:00+00:00,12.23404255319149,20.47872340425532,25.53191489361702,18,Lower
LIZARD BORE,COMMUNITY,5.0,,,YES,TELSTRA,-23.30034,131.13465,False,False,True,1,Proximity to Cell,Very Remote Australia,False,15.45,MBSP-NT-004,Mt Liebig,Complete,True,Ilsa,AU202223_23U,72.6,1,2,0,784.5,Ilsa,2023-04-15 00:00:00+00:00,9.574468085106384,20.47872340425532,25.53191489361702,17,Lower
MOUNT LIEBIG,COMMUNITY,234.0,YES,,,TELSTRA,-23.26605,131.27319,True,False,False,1,Macro Cell,Very Remote Australia,False,1.35,MBSP-NT-004,Mt Liebig,Complete,True,Ilsa,AU202223_23U,83.9,1,2,0,794.6,Ilsa,2023-04-15 00:00:00+00:00,8.51063829787234,20.47872340425532,25.53191489361702,17,Lower
PAPUNYA,COMMUNITY,389.0,YES,,,TELSTRA,-23.20306,131.9111,True,False,False,1,Macro Cell,Very Remote Australia,False,65.0,MBSP-NT-004,Mt Liebig,Complete,False,GRETA,AU197879_02U,88.5,1,2,0,771.0,Ilsa,2023-04-15 00:00:00+00:00,7.446808510638298,20.47872340425532,25.53191489361702,17,Lower
TJINTIRTJINTIRPA,COMMUNITY,5.0,,,YES,TELSTRA,-23.285,131.271,False,False,True,1,Proximity to Cell,Very Remote Australia,False,3.45,MBSP-NT-004,Mt Liebig,Complete,True,Ilsa,AU202223_23U,84.4,1,2,0,795.5,Ilsa,2023-04-15 00:00:00+00:00,7.9787234042553195,20.47872340425532,25.53191489361702,17,Lower
WARUMPI,COMMUNITY,5.0,,,YES,TELSTRA,-23.185,131.975,False,False,True,1,Proximity to Cell,Very Remote Australia,False,70.81,MBSP5-NT-007,Redbank Gorge,Complete,False,GRETA,AU197879_02U,81.9,1,2,0,766.4,Ilsa,2023-04-15 00:00:00+00:00,9.042553191489363,20.47872340425532,25.53191489361702,17,Lower
FIVE MILE,COMMUNITY,5.0,,,YES,TELSTRA,-23.91848,132.84834,False,False,True,1,Proximity to Cell,Very Remote Australia,False,18.86,MBSP4-NT-008,Palm Valley (PIP),Complete,True,GRETA,AU197879_02U,50.3,1,1,0,812.1,GRETA,1979-01-16 06:00:00+00:00,21.808510638297875,4.521276595744681,25.53191489361702,17,Lower
ULAMBARA,COMMUNITY,8.0,,,YES,TELSTRA,-23.27715,131.92748,False,False,True,1,Proximity to Cell,Very Remote Australia,False,66.46,MBSP-NT-004,Mt Liebig,Complete,False,GRETA,AU197879_02U,91.3,1,2,0,777.8,Ilsa,2023-04-15 00:00:00+00:00,5.851063829787234,20.47872340425532,25.53191489361702,16,Lower
GLEN HELEN HOMESTEAD,TOURISM,,,YES,,OPTUS,-23.685,132.672,False,True,False,1,Small Cell,Very Remote Australia,False,19.51,MBSP5-NT-007,Redbank Gorge,Complete,True,GRETA,AU197879_02U,50.5,1,1,0,792.5,GRETA,1979-01-16 06:00:00+00:00,21.27659574468085,4.521276595744681,25.53191489361702,16,Lower
MERRAL NTARRAKALA,COMMUNITY,5.0,,,YES,TELSTRA,-23.91418,132.82865,False,False,True,1,Proximity to Cell,Very Remote Australia,False,18.18,MBSP4-NT-008,Palm Valley (PIP),Complete,True,GRETA,AU197879_02U,51.4,1,1,0,812.2,GRETA,1979-01-16 06:00:00+00:00,20.74468085106383,4.521276595744681,25.53191489361702,16,Lower
RUTJINGKA,COMMUNITY,5.0,,,YES,TELSTRA,-23.916,132.815,False,False,True,1,Proximity to Cell,Very Remote Australia,False,17.36,MBSP4-NT-008,Palm Valley (PIP),Complete,True,GRETA,AU197879_02U,52.5,1,1,0,812.8,GRETA,1979-01-16 06:00:00+00:00,20.212765957446805,4.521276595744681,25.53191489361702,16,Lower
BLACKWATER,COMMUNITY,30.0,,,YES,TELSTRA,-23.26181,131.89688,False,False,True,1,Proximity to Cell,Very Remote Australia,False,63.29,MBSP-NT-004,Mt Liebig,Complete,False,GRETA,AU197879_02U,93.1,1,2,0,777.6,Ilsa,2023-04-15 00:00:00+00:00,4.787234042553192,20.47872340425532,25.53191489361702,15,Lower
IMANPA,COMMUNITY,106.0,YES,,,TELSTRA,-25.1305099999999,132.569989999999,True,False,False,1,Macro Cell,Very Remote Australia,False,0.17,MBSP-NT-002,Imanpa,Complete,True,GERTIE,AU199596_04U,96.4,1,2,0,950.3,GERTIE,1995-12-24 13:00:00+00:00,3.723404255319149,20.47872340425532,25.53191489361702,15,Lower
MOUNT EBENEZER,TOURISM,,,YES,YES,OPTUS/TELSTRA,-25.173,132.674,False,True,True,2,Small Cell + Proximity to Cell,Very Remote Australia,False,11.61,MBSP-NT-002,Imanpa,Complete,True,GERTIE,AU199596_04U,95.4,1,2,0,952.1,GERTIE,1995-12-24 13:00:00+00:00,4.25531914893617,20.47872340425532,25.53191489361702,15,Lower
HERMANNSBURG,COMMUNITY,491.0,YES,,,TELSTRA,-23.9427,132.7787,True,False,False,1,Macro Cell,Very Remote Australia,False,13.22,MBSP4-NT-008,Palm Valley (PIP),Complete,True,GRETA,AU197879_02U,57.2,1,1,0,816.7,GRETA,1979-01-16 06:00:00+00:00,18.617021276595743,4.521276595744681,25.53191489361702,15,Lower
IMPORTNA,COMMUNITY,5.0,,,YES,TELSTRA,-23.94048,132.74341,False,False,True,1,Proximity to Cell,Very Remote Australia,False,12.87,MBSP4-NT-008,Palm Valley (PIP),Complete,True,GRETA,AU197879_02U,59.8,1,1,0,817.5,GRETA,1979-01-16 06:00:00+00:00,16.48936170212766,4.521276595744681,25.53191489361702,15,Lower
MOTNAS,COMMUNITY,5.0,,,YES,TELSTRA,-23.94974,132.76946,False,False,True,1,Proximity to Cell,Very Remote Australia,False,12.21,MBSP4-NT-008,Palm Valley (PIP),Complete,True,GRETA,AU197879_02U,58.5,1,1,0,817.7,GRETA,1979-01-16 06:00:00+00:00,17.5531914893617,4.521276595744681,25.53191489361702,15,Lower
TJAMANGKURRA,COMMUNITY,5.0,,,YES,TELSTRA,-23.969,132.805,False,False,True,1,Proximity to Cell,Very Remote Australia,False,11.74,MBSP4-NT-008,Palm Valley (PIP),Complete,True,GRETA,AU197879_02U,57.4,1,1,0,818.8,GRETA,1979-01-16 06:00:00+00:00,18.085106382978726,4.521276595744681,25.53191489361702,15,Lower
ULPUNDA,COMMUNITY,9.0,,,YES,TELSTRA,-23.9546,132.766,False,False,True,1,Proximity to Cell,Very Remote Australia,False,11.6,MBSP4-NT-008,Palm Valley (PIP),Complete,True,GRETA,AU197879_02U,59.1,1,1,0,818.4,GRETA,1979-01-16 06:00:00+00:00,17.02127659574468,4.521276595744681,25.53191489361702,15,Lower
KINGS CREEK STATION,TOURISM,,,YES,,OPTUS/TELSTRA,-24.405,131.817,False,True,False,1,Small Cell,Very Remote Australia,False,0.1,MBSP2-NT-010,Kings Creek Station,Complete,True,GERTIE,AU199596_04U,144.6,0,2,0,898.0,GERTIE,1995-12-24 13:00:00+00:00,2.127659574468085,20.47872340425532,25.53191489361702,14,Lower
WANMARRA,COMMUNITY,14.0,,,YES,TELSTRA,-24.388,131.803,False,False,True,1,Proximity to Cell,Very Remote Australia,False,2.44,MBSP2-NT-010,Kings Creek Station,Complete,True,GERTIE,AU199596_04U,145.8,0,2,0,896.7,GERTIE,1995-12-24 13:00:00+00:00,1.5957446808510638,20.47872340425532,25.53191489361702,14,Lower
EIGHT MILE,COMMUNITY,6.0,,,YES,TELSTRA,-23.886,132.682,False,False,True,1,Proximity to Cell,Very Remote Australia,False,19.82,MBSP4-NT-008,Palm Valley (PIP),Complete,True,GRETA,AU197879_02U,61.3,1,1,0,813.6,GRETA,1979-01-16 06:00:00+00:00,14.361702127659576,4.521276595744681,25.53191489361702,14,Lower
LYILYALANAMA,COMMUNITY,5.0,,,YES,TELSTRA,-23.94724,132.74474,False,False,True,1,Proximity to Cell,Very Remote Australia,False,12.13,MBSP4-NT-008,Palm Valley (PIP),Complete,True,GRETA,AU197879_02U,60.2,1,1,0,818.2,GRETA,1979-01-16 06:00:00+00:00,15.957446808510639,4.521276595744681,25.53191489361702,14,Lower
IPALALA,COMMUNITY,6.0,,,YES,TELSTRA,-23.92556,132.67808,False,False,True,1,Proximity to Cell,Very Remote Australia,False,15.83,MBSP4-NT-008,Palm Valley (PIP),Complete,True,GRETA,AU197879_02U,64.0,1,1,0,817.9,GRETA,1979-01-16 06:00:00+00:00,11.702127659574469,4.521276595744681,25.53191489361702,13,Lower
KAPORILYA,COMMUNITY,5.0,,,YES,TELSTRA,-23.94,132.72,False,False,True,1,Proximity to Cell,Very Remote Australia,False,13.08,MBSP4-NT-008,Palm Valley (PIP),Complete,True,GRETA,AU197879_02U,61.6,1,1,0,818.2,GRETA,1979-01-16 06:00:00+00:00,13.829787234042554,4.521276595744681,25.53191489361702,13,Lower
NTAKARRA,COMMUNITY,5.0,,,YES,TELSTRA,-23.895,132.68,False,False,True,1,Proximity to Cell,Very Remote Australia,False,18.93,MBSP4-NT-008,Palm Valley (PIP),Complete,True,GRETA,AU197879_02U,62.0,1,1,0,814.6,GRETA,1979-01-16 06:00:00+00:00,13.297872340425531,4.521276595744681,25.53191489361702,13,Lower
TNYIMIPURTA,COMMUNITY,8.0,,,YES,TELSTRA,-23.888,132.671,False,False,True,1,Proximity to Cell,Very Remote Australia,False,19.97,MBSP4-NT-008,Palm Valley (PIP),Complete,True,GRETA,AU197879_02U,62.4,1,1,0,814.1,GRETA,1979-01-16 06:00:00+00:00,12.76595744680851,4.521276595744681,25.53191489361702,13,Lower
